player_name,mmr,player_teams,matches,reliable_mmr,stratz_mmr
Dops32,8193.660764716236,"['WAKANDA MADE IN CHYNA', 'KnockKnock']",26,True,8000.0
lemonade,8052.783589749085,"['Spice Boys', '#Packwatch']",25,True,8000.0
mirth,8036.808590477706,['Toxic Tacos'],20,True,8000.0
bored of hermes,8025.1830694728815,['Toxic Tacos'],44,True,8000.0
tint,8021.293831003377,['Toxic Tacos'],42,True,8000.0
kalnoky,8016.769876011015,['Season 40 Champs'],23,True,8000.0
MxGuire,8006.718884739683,['Toxic Tacos'],42,True,8000.0
Artorius,7987.401961623048,['Toxic Tacos'],40,True,8000.0
BRAE,7980.9889742170835,['#Packwatch'],21,True,8000.0
imma do her proud,7972.93801032032,"['Waist Of Time', 'The Whimsical Afrasians', ""Brit I'm a Dog, Woof! Brrr"", 'Sounding Club', 'Season 42 Champs', 'Does This Game have Fall Damage?', 'Golf Tuesday?']",71,True,8000.0
Hex,7971.828999855968,"['Nigma Rebellion', 'KnockKnock', 'Season 42 Champs', 'Rektal Damage', 'Season 40 Champs']",113,True,8000.0
ï¼«ï¼ï¼³ï¼´ï¼©ï¼§ï¼³,7967.991904039751,"['Season 40 Champs', 'Balerion All-Blacks']",27,True,8000.0
stanny,7966.596178087957,"['Nigma Rebellion', 'Balerion All-Blacks', 'Season 42 Champs', 'WAKANDA MADE IN CHYNA', 'Rektal Damage', 'Season 40 Champs']",117,True,8000.0
nkf,7956.816183502374,['#Packwatch'],23,True,8000.0
TURTLEKING!,7954.987127238658,['Toxic Tacos'],22,True,8000.0
SHIVER ME TIMBERS,7943.0652657831415,"['Nigma Rebellion', 'KnockKnock', 'Season 40 Champs']",44,True,8000.0
Legao,7942.9973846262765,"['Spice Boys', '#Packwatch']",23,True,8000.0
Bungus,7925.578158540514,"['WAKANDA MADE IN CHYNA', 'Waist Of Time', '1-800-QQ', 'Cinco De Mayo']",36,True,8000.0
Tree,7918.845331224684,"['Want Steep Sets?', 'EnsÅ', 'Bubble Team']",69,True,8000.0
Jidnahn â¤ï¸ éŸ¿ã‘!,7917.3529507913045,['#1 Yami Glazers'],20,True,8000.0
Billy Smoocher,7908.654933703672,"['Waist Of Time', 'Cinco De Mayo']",20,True,8000.0
Yami116,7908.1627477143165,['#1 Yami Glazers'],22,True,8000.0
Mode Dosiia,7900.675377061458,"['Fruits', 'The Whimsical Afrasians', 'Waist Of Time', 'Sounding Club']",31,True,8000.0
nojiit,7900.589068181719,"[""WoT's Sounding Club"", 'Scion and the 4 plebs', '1-800-QQ']",20,True,8000.0
involuntary celibate,7900.351688233329,['Empacadores de Soriana'],20,True,8000.0
Jgillett10,7899.9578875803645,"['Nigma Rebellion', 'Balerion All-Blacks', 'Giga Obese Ovarian Navigators', 'Season 42 Champs', 'WAKANDA MADE IN CHYNA', 'dXo-Heroic - Mantle of Midas']",81,True,8000.0
K7,7898.975044588975,"['Nigma Rebellion', 'Balerion All-Blacks', 'Season 42 Champs', 'Rektal Damage', 'Season 40 Champs']",91,True,8000.0
MasterZ34,7897.631077127975,['Want Steep Sets?'],41,True,8000.0
Andizzle,7890.418914487543,"['Nigma Rebellion', 'Season 42 Champs', 'Team Mochi', 'Soy Sauce: Revolution', 'WeLostThisBros', 'Season 40 Champs']",106,True,8000.0
OFF !!!,7890.016769288458,"['KnockKnock', 'Giga Obese Ovarian Navigators', '1-800-QQ']",51,True,8000.0
Drewarosa,7888.979714888078,['Dark Horse Tempest '],24,True,8000.0
Mari Illustrious Makinami,7883.457217816609,"['Northern Hog Suckers', 'Want Steep Sets?']",57,True,8000.0
Yawlo,7882.815969549653,['Empacadores de Soriana'],21,True,8000.0
Yrral,7879.128601472843,"['Northern Hog Suckers', 'Want Steep Sets?', 'dXo-Heroic - Mantle of Midas']",77,True,8000.0
ZYC,7874.455687378686,"['Spice Boys', 'dXo-Heroic - Mantle of Midas']",31,True,8000.0
hc worst nightmare,7872.801886084362,['Empacadores de Soriana'],22,True,8000.0
sorry,7866.136352585559,"['WeLostThisBros', 'Love & Peace (Right Version)']",40,True,8000.0
Picashii,7847.533536085253,['Dark Horse Tempest '],26,True,8000.0
FrodoLaporte,7844.634728971896,"['Northern Hog Suckers', 'Ape Express', 'Want Steep Sets?', 'Dark Horse']",78,True,8000.0
3row,7839.596992465364,"['Spice Boys', 'Sunlight Covenant', 'Team Tidehunter']",57,True,8000.0
For The Pills,7828.65175801612,['Gucci God'],20,True,8000.0
SiliXx.ã‚ã™ã‹,7821.679528832227,"['KnockKnock', 'Balerion All-Blacks', 'Northern Hog Suckers', 'Giga Obese Ovarian Navigators', 'Rektal Damage']",60,True,8000.0
50.Centaur Saves Gaza,7818.713350886881,"['Spice Boys', 'WAKANDA MADE IN CHYNA', 'Cinco De Mayo']",31,True,8000.0
THE BOILING FROG,7816.952447933525,['Aogiri Tree'],31,True,8000.0
Dr. EpiK,7813.810772712079,"['WeLostThisBros', 'Love & Peace (Right Version)']",43,True,8000.0
44 .â€¢*Â¨*â€¢.Â¸Â¸â™ª,7811.40783956382,"['WeLostThisBros', 'Aogiri Tree']",57,True,8000.0
buffles,7811.02209029471,"['NO WRAITHPACT', '1-800-QQ', 'dXo-Heroic - Mantle of Midas']",32,True,8000.0
Babaganoush,7803.7543916903605,['WeLostThisBros'],30,True,8000.0
soy jamon 4,7800.198508405499,"['TEAM POLAND', 'Team Tidehunter']",38,True,8000.0
Celtic,7798.869399520687,['Salt the Earth'],20,True,8000.0
S-10,7793.057367521601,"['Gucci God', '#1 Yami Glazers']",43,True,8000.0
wife,7792.742495511745,"['Spice Boys', 'New Rebellion', 'Giga Obese Ovarian Navigators', 'TEAM POLAND', 'dXo-Heroic - Mantle of Midas']",33,True,8000.0
Roo,7772.535221442826,"['Want Steep Sets?', 'Dark Horse']",93,True,8000.0
ferociousspud,7771.886989130599,['Dark Horse'],80,True,8000.0
Heapin' Honkers,7770.847606283458,"['WeLostThisBros', ""Helmet's On"", 'Aogiri Tree', 'Helmets On']",41,True,8000.0
raze,7770.795957248707,['Aogiri Tree'],37,True,8000.0
KingBob,7768.468584120787,"['Dark Horse Storm', 'Dark Horse Vitality', 'Dark Horse']",101,True,8000.0
sTough,7764.141573283136,['Dark Horse'],78,True,8000.0
Scarebee,7756.223764565177,['Dark Horse'],35,True,8000.0
Pumpkin(All chat muted),7754.946477118803,"['WeLostThisBros', 'The Whimsical Afrasians']",20,True,8000.0
ooo,7753.850364448561,"['DinoMight', 'Gucci God', 'Drip or Drown', '#1 Yami Glazers']",80,True,7300.0
Naya Of Alara,7753.15424928387,"['Balerion All-Blacks', 'Dark Horse', 'Emotional Damage', 'PSGS']",94,True,8000.0
Kr@Ken_430,7752.618397432962,['THE Sleppers4'],27,True,8000.0
Resisting the Desire to end it,7750.176307818577,"['The Whimsical Afrasians', 'Sounding Club', 'Gucci God', 'Aogiri Tree', 'Drip or Drown']",82,True,8000.0
Koamaru,7731.560332770235,"['dXo-Heroic - Mantle of Midas', 'Nat 20']",30,True,8000.0
HeroesOfNewerth,7728.351064820346,"['WeLostThisBros', 'Gucci God', 'Northern Hog Suckers', '#1 Yami Glazers']",89,True,8000.0
hk,7726.058243315539,"['Spice Boys', 'New Rebellion', 'Max Retaliate']",57,True,8000.0
Calipsis,7723.7134248805,"['Average Krill Eaters', 'Giga Obese Ovarian Navigators', 'Sunlight Covenant', 'Team Tidehunter']",52,True,8000.0
criminal animal,7700.006805243854,['Crime Time'],27,True,8000.0
mode: that brother needs help,7693.953385498697,"['TEAM POLAND', 'Garrett and Friends', 'Wasted Sad & Suicidal', 'Wasted.Creature']",60,True,7400.0
Sempiternal,7691.574241454793,"['tainted gluggers', 'mosin on valley']",27,True,8000.0
Chanel NÂ°5,7683.64454395964,"['Spice Boys', 'tainted gluggers', 'mosin on valley']",50,True,8000.0
Tokamak,7678.143955660121,"['Balerion All-Blacks', 'Drip or Drown']",38,True,8000.0
mafjetz,7677.144361159907,['GRIN Scythe'],22,True,8000.0
Lord Luci,7667.0821481813055,"['Heroes of Golf?', 'Rektal Damage', '#Packwatch', 'Sounding Club']",52,True,8000.0
ok,7646.3824552755505,"['The Whimsical Afrasians', 'GOOD TWINK HUNTING', 'Twinks and The Twinker', ""WoT's Sounding Club"", 'Waist of Time', 'Daggers in my coco']",52,True,8000.0
Sixty Two Cents,7645.855859070724,"['Northern Hog Suckers', 'Soy Sauce: Revolution']",54,True,8000.0
Tokc,7641.240896521788,"['Wasted Sad & Suicidal', 'Wasted.Creature', 'Wasted with Clare in the Finals', 'We Scale Late ', 'Garrett and Friends']",76,True,8000.0
HULK,7637.958756426763,"['We Scale Late ', 'Wasted with Clare in the Finals', 'Wasted.Creature']",52,True,8000.0
Merk 13,7637.72094353993,"['Does This Game have Fall Damage?', 'dXo-Heroic - Mantle of Midas', 'Nat 20']",44,True,8000.0
TheSmallNut,7630.995663655323,"['Sounding Club', 'EnsÅ', 'Sunlight Covenant']",32,True,8000.0
green dragon bot,7629.747169970913,"['Heroes of Golf?', 'Waist Of Time', ""Brit I'm a Dog, Woof! Brrr"", 'GOOD TWINK HUNTING', 'Twinks and The Twinker', 'EnsÅ', 'Helmets On', 'Gucci God', 'Waist of Time', 'Golf Tuesday?', 'Daggers in my coco', 'Go play offlane', '7dark Thirty']",123,True,8000.0
jelly,7628.593425995535,"['Twinks and The Twinker', 'Los Animales de Golf?', 'Coked up (cute) Kobolds', 'GOOD TWINK HUNTING']",59,True,8000.0
smack,7623.4670314662335,"['Wasted Sad & Suicidal', 'TEAM POLAND', 'Wasted with Clare in the Finals', 'Team Tidehunter', 'Garrett and Friends']",71,True,8000.0
Panda,7619.117224775751,"['Heroes of Golf?', ""Brit I'm a Dog, Woof! Brrr"", 'GOOD TWINK HUNTING', 'Twinks and The Twinker', 'Sounding Club', ""WoT's Sounding Club"", 'Golf Tuesday?', 'Daggers in my coco', 'Team Tidehunter', 'Go play offlane']",88,True,8000.0
h!,7613.833222333085,['Wasted.Creature'],22,True,7500.0
SaulGinnis,7612.233260350692,"['Wasted Sad & Suicidal', 'Wasted.Creature', 'Wasted with Clare in the Finals', 'We Scale Late ', 'Garrett and Friends']",77,True,7500.0
Clare: Reloaded,7610.7301720447285,"['Wasted Sad & Suicidal', 'Wasted.Creature']",64,True,7400.0
de la Heeba,7609.434723576924,['Jukes Angels'],25,True,8000.0
Antivirus,7607.817818728978,"['Does This Game have Fall Damage?', 'Emotional Damage']",30,True,8000.0
Shamuraii,7601.921067599472,"['Heroes of Golf?', 'Team Tidehunter', 'Highly Regarded Individuals', 'Plinks of Golf?']",79,True,8000.0
bombogenesis day,7599.067752740348,"['Wasted.Creature', 'Wasted with Clare in the Finals', 'Foebe Phighters', 'We Scale Late ', 'Garrett and Friends']",64,True,7400.0
Banach,7594.253291529823,"['Heroes of Golf?', ""Brit I'm a Dog, Woof! Brrr"", 'Golf Monday?', 'Twinks and The Twinker', 'Golf Tuesday?']",80,True,6500.0
t.tv/shattovv,7587.466490558944,['beignet boys'],22,True,8000.0
Jax,7585.001178739369,"['Scion and the 4 plebs', 'good for ducks, good for me']",37,True,8000.0
Scionara,7567.8241991469995,"['EnsÅ', 'Scion and the 4 plebs', 'good for ducks, good for me', '#Packwatch']",84,True,8000.0
Imphatic,7565.804008895036,"['Nocturnal Rainbow', 'Salt the Earth']",22,True,7300.0
ShadowAce,7562.738610369492,"['We Scale Late ', 'Wasted.Creature']",24,True,7300.0
Fathomorg,7554.948238926889,"['Does This Game have Fall Damage?', 'WeLostThisBros', 'Love & Peace (Right Version)', 'Emotional Damage']",62,True,8000.0
Peter Buttermilk,7553.30040927547,['New Rebellion'],20,False,7000.0
ScurvyDog,7552.649071640233,"['New Rebellion', 'Cinco De Mayo', 'Waist of Time', 'Daggers in my coco', 'WAKANDA MADE IN CHYNA']",46,True,8000.0
LoneWolf,7550.637400498703,"['WAP', 'Baja Blasters']",23,True,8000.0
BokChoyBitch,7541.635597511696,"['Jason Vas Foundation Picks for the Cure', 'Max Retaliate']",23,True,8000.0
spanky,7536.232972646754,['Team Mochi'],82,True,8000.0
Bagged Milk,7533.194545107235,"['Baja Blasters', 'beignet boys']",27,True,8000.0
Luigi Mangione,7532.463622738746,"['Heroes of Golf?', 'Ape Express', 'mosin on valley']",33,True,8000.0
BORK,7526.291916446594,"['Flex Offenders', 'Glizzy Gobblers']",37,True,8000.0
lovell!!!!!!!!!!!!!!!!!!!,7522.759018478821,"['Northern Hog Suckers', 'Dark Horse Tempest ', 'Soy Sauce: Revolution']",106,True,8000.0
Lake Michigan,7522.407201632423,"['Dark Horse Tempest ', 'Soy Sauce: Revolution']",102,True,8000.0
Potatoes~~~~,7519.52132842883,['Wasted.Creature'],20,True,7300.0
â…§â…§â…§â…§â…§â…§â…§â…§â…§â…§â…§â…§â…§â…§â…§â…§â…§â…§â…§â…§â…§,7514.343111016568,"['Flex Offenders', 'Glizzy Gobblers']",39,True,8000.0
poogie,7514.343111016568,"['Flex Offenders', 'Glizzy Gobblers']",39,True,8000.0
K1ra,7513.965369569531,"['EnsÅ', '1-800-QQ']",35,False,7069.2307692307695
Holoãƒ›ãƒ­,7513.452873763176,"['Does This Game have Fall Damage?', ""Chicken Joe's Reincarnation Cult"", 'good for ducks, good for me']",45,True,8000.0
Ëš+Ëš+Ëš+Ëš+Ëš+Ëš,7503.972972887342,['Dually Truck Hentai Warriors'],21,True,8000.0
Dr. UndoneJin,7493.785801444002,"['Team awesome', 'Sounding Club', 'Nocturnal Rainbow', 'Salt the Earth']",52,True,8000.0
we dont drink 32s,7472.801825553297,"['Sounding Club', 'tainted gluggers', 'mosin on valley', '#Packwatch']",27,True,7200.0
KILLAYOUA,7470.616735963746,"['Gucci Coffin', 'Jukes Angels']",27,True,8000.0
Angrysun,7465.897399897292,"['Dark Horse Storm', 'Dark Horse Tempest ', 'Golf Monday?', 'Dark Horse Vitality']",101,True,8000.0
ol' stinky,7465.639287311768,"[""Daddy's ENGORGED Dictatorship"", 'sheeesh']",21,True,8000.0
Icarus,7464.159367932007,"['Does This Game have Fall Damage?', 'Plinks of Golf?']",66,True,6600.0
waffz,7461.765399526722,"['Flex Offenders', 'Glizzy Gobblers']",37,True,7400.0
Brok3n-,7459.471394485121,"['Scion and the 4 plebs', 'Aogiri Tree', 'Go play offlane']",42,True,8000.0
@CrasheroniDota,7455.407282136493,"['Dark Horse Tempest ', 'Max Retaliate']",39,True,7400.0
TornadO,7455.380937168715,['Team Mochi'],65,False,6054.545454545455
han,7450.71910378038,['Team Mochi'],101,True,8000.0
kden,7449.7056318289515,"['Baja Blasters', 'beignet boys', 'Soy Sauce: Revolution']",51,True,7400.0
hungryphenix,7448.996630022788,['Team Mochi'],99,True,7300.0
FLYDOM,7445.437181000229,['Team Mochi'],99,True,6600.0
JuicyPanda,7440.837054824405,"['Heroes of Golf?', 'Waist of Time', 'Daggers in my coco', 'Highly Regarded Individuals', 'Plinks of Golf?']",71,True,8000.0
captainlittledinky,7440.0210080455345,"['Nocturnal Rainbow', 'Salt the Earth']",32,True,7400.0
Egotistical Confidence,7437.739461442589,"['Simple Chemistry', 'dXo-Rejects', 'The Rejects', 'Scion and the 4 plebs', 'SpookyScarySkeletons', 'good for ducks, good for me']",101,True,8000.0
lysergic acid diethylamide,7434.31197610863,"['Island in the Winter Sun', 'Conquerors of the Island in the Sun', 'Dually Truck RoadRunners']",29,True,8000.0
Spiroar,7423.838044627027,"['EnsÅ', 'Dota Under the Influence', 'Team Krill Eater']",28,True,8000.0
Edge Tember,7409.0905360217475,"['Heroes of Golf?', 'Comrades of Golf?', 'Golf Monday?', 'Highly Regarded Individuals']",97,True,8000.0
Rusty Shackleford,7406.6297531183245,"['Heroes of Golf?', 'Golf Monday?', 'Highly Regarded Individuals', 'Plinks of Golf?']",98,True,7500.0
KayceeMJ,7393.609646940199,"['Dark Horse Tempest ', 'GRIN Scythe', 'GRIN Prism', 'Nameless']",77,True,7200.0
Blockaâ„¢,7388.7995873741675,"['DinoMight', 'Jason Vas Foundation Picks for the Cure']",32,True,8000.0
Fav,7385.173016036418,"['EnsÅ', 'dXo-Champion', 'Digital Habitat']",74,True,8000.0
Erock,7373.206805757384,"['Heroes of Golf?', 'EnsÅ', 'Does This Game have Fall Damage?', 'Highly Regarded Individuals', 'Plinks of Golf?']",58,True,8000.0
Bernie Sanders,7363.310294481115,"['Golf Monday?', 'Comrades of Golf?', 'Los Animales de Golf?', 'Highly Regarded Individuals', 'Batchesters of Golf?']",89,True,7200.0
Excaliburracuda,7362.356903827499,"[""Brit I'm a Dog, Woof! Brrr"", 'PSGS', 'Pot Of Greed']",34,True,8000.0
please immortal,7361.820407459014,"['The Whimsical Afrasians', 'Sounding Club', 'I am > I was', 'Team Samsara', 'Does This Game have Fall Damage?']",37,False,7078.571428571428
PizzaJr,7361.362314589357,"['Grillin and Chillin', 'EnsÅ', 'Soy Sauce: Revolution', 'Foebe Phighters']",53,True,8000.0
bulbi,7338.961299518375,"['I am > I was', 'Pot Of Greed', 'WAP', 'Digital Habitat', 'Aogiri Tree', '10toes']",35,True,8000.0
Big Red,7338.375818067811,"['Does This Game have Fall Damage?', 'EnsÅ']",76,True,7300.0
Merc-Ury,7334.843004146547,"['Does This Game have Fall Damage?', 'EnsÅ']",74,True,7400.0
Marooniii,7334.076216677375,"['Dually Truck Hentai Warriors', 'Dually Truck Diesel Drinkers', 'Dually Truck RoadRunners', 'Radiance invoker']",38,True,8000.0
Ouchkabibbles,7302.476446661638,"[""Helmet's On"", 'Helmets On']",85,True,7400.0
Stretchy Arms,7302.390356307529,['Helmets On'],87,True,7100.0
Radiofoot,7299.539171205458,"['Island in the Winter Sun', 'Helmets On', 'Team Samsara']",91,True,7500.0
Dr. Changsteen,7289.851145138863,"['DinoMight', ""Helmet's On"", 'Helmets On']",91,True,6200.0
Urbow,7279.43984797251,"['The Whimsical Afrasians', 'Sounding Club', ""Harambe's Homies"", 'Los Animales de Golf?', 'Nocturnal Rainbow', 'Digital Habitat', 'Team Ligma']",93,True,7200.0
Morning,7277.626925508085,"['animal enclosure', 'Dota Under the Influence', 'GRIN Fury']",21,True,8000.0
"JerBear, Today's Word: å¾—é–’é£²èŒ¶",7275.515332670559,"['Dark Horse Tempest ', 'Jason Vas Foundation Picks for the Cure', 'Max Retaliate']",23,True,7300.0
Someoneskid,7275.003973179925,['SMD9813'],25,True,7400.0
Thugpot@to01,7274.966546528393,"['Coked up (cute) Kobolds', 'Does This Game have Fall Damage?', 'dXo-Champion', '1-800-QQ']",40,True,7100.0
pookah,7269.629118351847,"['dXo-Warrior', 'beignet boys', 'Grillin and Chillin']",47,True,8000.0
MAQ-IQ,7265.865608554242,"['Dually Truck Hentai Warriors', 'Golf Wrensday?', 'dXo-Heroic - Mantle of Midas']",45,True,8000.0
yoshi,7236.008997621385,"[""Chicken Joe's Reincarnation Cult"", 'GRIN Scythe', 'GRIN Prism']",40,True,8000.0
Son,7235.878315022255,"['I am > I was', 'beignet boys', 'Scion and the 4 plebs', '10toes', 'Savage Spirits']",39,True,7300.0
C0re,7233.01344339222,"['Heroes of Golf?', 'GOOD TWINK HUNTING', 'Twinks and The Twinker', 'Coked up (cute) Kobolds', ""Harambe's Homies"", 'Simple Chemistry', 'DinoMight', 'Slow Twitch Muscle Fibers', 'Jukes Angels']",54,True,7400.0
pG,7228.119334214616,['Zealous Gaming'],36,True,8000.0
GlHf,7208.545245317487,"['beignet boys', 'Grillin and Chillin', 'Cerviche Molotov']",32,False,6825.0
Hartrun7,7198.46949842121,"['Gucci Coffin', 'PSGS', 'mosin on valley', ""Harambe's Homies""]",31,True,7200.0
dnjiii,7187.468590081358,"['WAP', 'GRIN Fury', 'Dually Truck RoadRunners']",41,True,8000.0
Ctrl-,7163.249881915431,"['Ape Express', 'EnsÅ']",29,True,7200.0
JzaR,7151.238590917011,"['sheeesh', 'SMD9813', 'Aogiri Tree', 'DinoMight', ""Daddy's ENGORGED Dictatorship""]",95,True,8000.0
I Am Steve,7148.836888785603,"['WAP', 'texts go green']",28,True,7400.0
Profanity,7148.072849195885,['The Rejects'],20,True,7100.0
4thwrldmrshl,7147.573660457801,"['Conquerors of the Island in the Sun', 'EnsÅ', 'The Bathtub Club', 'dXo-Rejects', 'The Rejects']",81,True,8000.0
Black-up,7146.740554750324,"['Golf Monday?', ""Helmet's On"", 'Rats and Bunnies', 'Helmets On']",113,True,5500.0
Russ,7140.948119580536,['SpookyScarySkeletons'],21,True,7200.0
JDFM,7139.354120146509,"['Island in the Winter Sun', 'Conquerors of the Island in the Sun', 'Dually Truck RoadRunners']",28,True,7100.0
Aynek,7134.268695810672,['SpookyScarySkeletons'],23,True,7200.0
Slave to Winning,7117.210832289382,"['Crime Time', 'The Whimsical Afrasians', 'Golf Monday?', ""Brit I'm a Dog, Woof! Brrr"", 'Coked up (cute) Kobolds', 'Los Animales de Golf?', 'Waist of Time', 'Waist of Golf?', 'Daggers in my coco', 'Golf Tuesday?']",92,True,6300.0
Abmis,7117.082416665958,['GRIN Scythe'],48,True,7100.0
Lorenzo,7110.48856092459,"['Coked up (cute) Kobolds', 'Average Krill Eaters', 'Ape Express', 'Team Krill Eater']",54,True,8000.0
Sync,7108.731044590228,['Calamity Crew'],37,True,8000.0
Last Son of Krypton,7106.816670924324,['Savage Spirits'],79,True,7500.0
Welshy,7104.237855868241,['Pot Of Greed'],20,True,7400.0
Khalsa GM,7102.611843604545,['SpookyScarySkeletons'],23,True,7100.0
Pony,7088.182491311355,"['Scion and the 4 plebs', 'Go play offlane']",37,True,6500.0
Gift,7085.339616812291,"['mosin on valley', 'Savage Spirits']",20,True,7100.0
printer,7078.110860212892,['Savage Spirits'],90,True,8000.0
Plate,7072.19562488832,"[""'Nanner Grippers"", 'GRIN Prism', 'Sounding Club', 'Savage Spirits']",20,True,7300.0
ë¼ì¼ë¦¬,7064.625361422091,"['DinoMight', 'Savage Saints', 'Savage Spirits']",95,True,7100.0
Lapsed Pacifist,7063.069732622082,"['Jackson 5', 'Savage Spirits']",90,True,6400.0
Time's,7061.81165139714,['dXo-Rejects'],22,True,7300.0
JJnok,7050.432084602243,"['Island in the Winter Sun', 'Conquerors of the Island in the Sun', 'Slugcats']",73,True,8000.0
Achilles,7046.975106276399,['7dark Thirty'],33,True,7400.0
mr worldwide,7042.692039985278,"['Coked up (cute) Kobolds', 'Jukes Angels', 'Digital Habitat']",45,True,7300.0
DH. Jukester,7040.154038347351,"['Golf Monday?', 'Coked up (cute) Kobolds', 'I am > I was', 'Nat 20', 'Bubble Team', 'Digital Habitat', '10toes', 'Jukes Angels']",73,True,7300.0
cookies,7039.489728199854,"[""'Nanner Grippers"", 'EnsÅ', 'Go play offlane', ""Daddy's ENGORGED Dictatorship"", 'Savage Spirits']",37,True,7200.0
UnrulyBear,7035.495428335634,"['good for ducks, good for me']",23,True,6500.0
frost,7025.012633149168,"['PSGS', 'Bubble Team', 'Plinks of Golf?', 'Golf Thirstday?', 'Savage Spirits']",72,True,7200.0
Beejack Honeydew,7021.860303975268,"['Eldrazi', 'Pot Of Greed']",29,True,7200.0
cartographer,7018.590246113234,"['Coked up (cute) Kobolds', 'Average Krill Eaters', 'Los Animales de Golf?', 'Does This Game have Fall Damage?', 'Digital Habitat', 'Team Krill Eater', 'Go play offlane', 'Calamity Crew']",96,True,7300.0
Dragoness,7014.386887799916,"['Dually Truck Hentai Warriors', 'Rats and Bunnies', 'mosin on valley']",32,True,7100.0
Nigerian White,7013.0420307378645,['Zealous Gaming'],36,True,7300.0
butthealth,7011.208458554802,"['Dark Horse Storm', ""'Nanner Grippers"", 'Rats and Bunnies', 'Nameless', 'OTF', 'SMD9813', 'Waist of Golf?', ""Daddy's ENGORGED Dictatorship"", 'Savage Sabers', 'GRIN Smoke']",125,True,7600.0
phoenix,6997.304098676798,"['GRIN Scythe', 'GRIN Prism']",60,True,7400.0
âœªAlareiksâœª,6990.086617193625,['sheeesh'],20,True,7200.0
GeeR3,6984.6896598923795,"['Dually Truck Hentai Warriors', 'PSGS', 'Pot Of Greed']",51,True,7100.0
Forgotten,6980.7878609395975,"['Pot Of Greed', 'PSGS', 'Eldrazi', 'Savage Spirits']",60,False,6372.222222222223
LFT Next AD2L Szn,6980.556950439096,"['EnsÅ', 'Bubble Team', '2FrogsSoftware', 'Gucci Coffin', 'GRIN Rat Society', 'Slow Twitch Muscle Fibers', 'GRIN Fury']",83,True,7200.0
SSC,6976.20270004448,"['Gucci Coffin', 'PRESTIGE WORLDWIDE', ""Harambe's Homies""]",20,True,7100.0
Daddy Odin,6959.435904758202,"['Savage Saints', 'Rats and Bunnies', 'Conquerors of the Island in the Sun', 'EnsÅ', 'Island in the Winter Sun', 'Baja Blasters', 'The Rejects', 'Calamity Crew']",89,True,7500.0
ClowD,6942.576925949944,"['Simple Chemistry', 'Slow Twitch Muscle Fibers', '7dark Thirty', 'Rod of a Toast']",76,True,7200.0
1 last time,6935.128471727342,"['Coked up (cute) Kobolds', 'I am > I was', 'OTF', 'Team Krill Eater', '10toes', 'GRIN Scythe', 'Rod of a Toast']",66,True,7300.0
IPwnedAIDS,6930.3578853105055,"['Dark Horse Storm', 'Rodents and Hares Pest Control', 'Rats and Bunnies', 'Simple Chemistry', '7dark Thirty', 'Slow Twitch Muscle Fibers', 'Dark Horse Vitality', 'Rod of a Toast', 'GRIN Smoke']",96,True,7100.0
MyM.Slayer,6923.959159313669,"['Simple Chemistry', 'Slow Twitch Muscle Fibers', '7dark Thirty', 'Rod of a Toast']",83,True,6500.0
Chubbs,6922.7004865967465,"['Dually Truck Hentai Warriors', 'GRIN Scythe', 'Dually Truck RoadRunners']",39,True,7500.0
twubz,6919.914246971795,['Merrill Howard Kalin Fan Club'],39,True,7300.0
ReVamp,6916.706724728339,"['Savage Saints', 'GRIN Prism', 'Pizzadog.JV', 'Dota Under the Influence', 'Dumpster Fire', 'Idiots', 'GRIN Scythe', 'Savage Spirits']",89,True,7100.0
lostperson,6915.506217443649,"['Merrill Howard Kalin Fan Club', ""'Nanner Grippers"", 'Team Ligma']",39,True,7500.0
Marine,6906.769072053155,"['OTF', 'Team Ligma']",22,True,7300.0
AZ,6904.630838199229,"['animal enclosure', 'Rats and Bunnies', ""Harambe's Homies"", 'PSGS', 'Gucci Coffin', '4 NOOBS 1 TROLLBUS', 'GRIN Scythe']",59,True,7300.0
fortniteman,6886.192208563922,"['Coked up (cute) Kobolds', ""'Nanner Grippers"", ""Daddy's ENGORGED Dictatorship"", 'Los Animales de Golf?']",82,True,6300.0
milkboxxy,6878.21541532047,"['Bubble Team', 'Waist of Golf?', 'Jukes Angels', 'Plinks of Golf?', 'Golf Thirstday?']",80,True,7200.0
Darthwalker,6868.00428554901,['The Rejects'],23,True,6300.0
Tempeståµ,6864.67000755895,['Calamity Crew'],47,True,8000.0
GNX,6861.18668334159,"['OTF', 'Team Samsara', 'Rod of a Toast', 'Team Ligma']",72,True,8000.0
Raddialin,6856.3191622626155,"['Dually Truck Hentai Warriors', 'dXo-Champion']",22,True,6700.0
Princess,6827.433171118645,['Calamity Crew'],27,True,7200.0
panda,6827.413835342038,"['SMD9813', 'sheeesh']",22,True,6500.0
(BP)Bluntman(Chronic),6826.038862536405,"['OTF', 'Team Samsara']",28,True,7400.0
Shoon,6823.254328330073,['Flex Offenders'],29,False,6283.333333333333
Sultan of Canada,6816.987663935697,"['Golf Monday?', 'Rats and Bunnies', 'Dota Under the Influence', 'Yoinky Sploinky', ""Daddy's ENGORGED Dictatorship""]",49,True,7400.0
Younghoe Koo,6793.300158558712,"['GRIN Scythe', 'GRIN Fury']",34,True,7200.0
Merrill Howard Kalin,6792.721525841721,['Merrill Howard Kalin Fan Club'],39,True,7100.0
Ghost,6788.333092634653,"['Plinks of Golf?', 'Grillin and Chillin']",20,False,6610.0
wrennsday,6787.531049911237,"['Golf Monday?', 'Comrades of Golf?', 'Golf Wrensday?', 'Waist of Golf?', '10toes']",62,True,6500.0
Dr. cjj,6784.056759946162,"['Calamity Crew', 'I am > I was', 'Nameless', 'Savage Spirits']",37,False,6372.222222222223
Orion,6784.044460469063,"['Average Krill Eaters', 'Remove Radiance From The Game', 'Rats and Bunnies', 'Team Krill Eater']",81,True,7100.0
Thunder_MuFiN,6780.512679320787,"['Baja Blasters', 'beignet boys', 'Grillin and Chillin']",25,True,6400.0
Manoy,6769.210804621378,"['Rats and Bunnies', 'texts go green', 'Brain Damage', 'LF Danny Playoff Replacement', 'Pizzadog Academy', 'Team Ligma', ""Daddy's ENGORGED Dictatorship""]",57,True,7200.0
Cryptic Wisdom,6767.504986021151,['DinoMight'],20,False,6337.5
Animal I Have Become,6767.416285425583,"['Dually Truck Hentai Warriors', 'Dually Truck Dumpster-Fire', 'GRIN Scythe', 'Dually Truck Diesel Drinkers']",47,True,7300.0
Asmoranomardicadaistinaculdacar,6762.532326815666,"['Rodents and Hares Pest Control', ""'Nanner Grippers"", 'Rats and Bunnies', ""Blitz's Feet"", 'dXo-Rejects', 'Dark Horse Vitality', 'GRIN Scythe']",89,True,6100.0
RangerX01,6728.879621890274,['Merrill Howard Kalin Fan Club'],41,True,6500.0
Dr. Spike the Dota Dr.,6718.076998547239,"['Honey Beesports', 'Pizzadog.JV', 'Nameless', 'Dumpster Fire', 'Idiots', 'SpookyScarySkeletons']",63,True,6500.0
Clarkles,6697.1703427269795,"['Average Krill Eaters', 'GRIN Rat Society', 'Team Krill Eater']",46,True,7200.0
chandler9,6678.009771090154,['Merrill Howard Kalin Fan Club'],41,True,6100.0
GodamNî‚ƒ,6674.043128806994,['SMD9813'],25,False,5914.285714285715
Akro,6658.287033968257,['GRIN Fury'],64,True,7400.0
malibu,6646.0233844731965,"['animal enclosure', 'Honey Beesports', 'Team Samsara', '2FrogsSoftware', 'GRIN Fury']",53,True,8000.0
kerokerocola,6632.7064633947875,['Merrill Howard Kalin Fan Club'],41,False,5842.857142857143
JBay7,6625.593064196269,"['Rats and Bunnies', 'Reverse Smurfs', 'j', 'e', 'Have Mercii Daddy', 'LF Danny Playoff Replacement', 'Teens Love Huge Clocks']",79,True,7200.0
lowskill,6606.151702765264,"[""Daddy's ENGORGED Dictatorship""]",62,True,6300.0
gnatiaK,6605.943372345364,"['Savage Saints', 'e', 'j', 'Brain Damage', 'Have Mercii Daddy', 'Calamity Crew', 'Teens Love Huge Clocks']",58,False,5865.0
Talamh Soilleir,6596.456937623395,"['Calamity Crew', ""Chicken Joe's Reincarnation Cult"", 'GRIN Scythe', 'GRIN Fury', 'Golf Thirstday?', 'Savage Spirits']",53,True,6400.0
ShoeB,6592.796475821498,"['Slow Twitch Muscle Fibers', 'Rats and Bunnies', '7dark Thirty', 'Rod of a Toast']",57,True,5700.0
pentjack,6583.805620657475,['GRIN Scythe'],20,True,6200.0
ThePurplePanzy,6576.699501579213,"['Dark Horse Storm', 'Rodents and Hares Pest Control', ""'Nanner Grippers"", 'Rats and Bunnies', 'GRIN Fury']",78,True,5200.0
TINWCD,6571.186081081847,['Jackson 5'],29,True,7200.0
bonkey,6567.974653099547,"[""'Nanner Grippers"", ""Daddy's ENGORGED Dictatorship"", 'Savage Spirits']",27,True,6400.0
Ponquist,6562.5798433622,['GRIN Smoke'],21,True,7300.0
GrayBush,6553.645568712951,"['PSGS', 'Nameless', 'Grillin and Chillin', '2FrogsSoftware', ""Daddy's ENGORGED Dictatorship"", 'Calamity Crew', 'GRIN Fury']",76,True,6200.0
Jmeli,6548.1483389937885,['sheeesh'],20,False,6133.333333333333
Legend,6542.908694881883,['GRIN Fury'],61,True,6400.0
LTNessnite,6540.092451741974,"['Rodents and Hares Pest Control', ""'Nanner Grippers"", 'Rats and Bunnies', ""Blitz's Feet"", 'Waist of Golf?', ""Daddy's ENGORGED Dictatorship""]",104,True,7100.0
Carddog,6533.032716157967,['Rats and Bunnies'],35,True,6100.0
Berry,6527.150763882933,['Dark Horse Storm'],47,True,6300.0
Winkx,6523.969732001022,"['Honey Beesports', 'Slugpups', 'SlugWolves']",40,True,7300.0
MC_Flowerpot,6516.75682605572,"['WAP', 'dXo-Warrior', '2FrogsSoftware']",30,True,7100.0
tannerb0y,6514.766665895082,"['Island in the Sun', 'GRIN Fury', 'GRIN Prism', 'Radiance invoker']",52,True,6500.0
TheSuperbSimone,6506.880587032042,"['Rats and Bunnies', 'Plinks of Golf?']",30,True,6300.0
Island,6490.860647451684,"['Rodents and Hares Pest Control', 'GRIN Fury', 'PSGS']",77,True,5400.0
perpetual novice â˜¼,6475.806301203597,"[""Daddy's ENGORGED Dictatorship"", 'Rats and Bunnies']",65,True,5700.0
â™«Harmonyâ™¬,6472.522873157779,"['Discovery', 'Slugpups', 'Slugcats', 'Pizzadog.JV', 'T12186', 'Dumpster Fire', 'Idiots', ""Elsa's Boiz <3 <3 <3""]",31,True,7100.0
CheddarBear,6465.307595134767,"['Rodents and Hares Pest Control', ""'Nanner Grippers"", 'dXo-Challenger', 'THE CROWNFALL FISHING CLUB', 'Dually Truck Hentai Warriors', 'dXo-Rejects', 'Calamity Crew']",57,True,6400.0
CHEESE BREAD,6457.171927231018,"['Veni Vidi Vici', 'Savage Sabers']",24,True,7200.0
PosiTr0n,6451.3130705538515,"['Island in the Sun', 'Savage Saints', 'Pizzadog.JV', 'dXo-Rejects', 'Dumpster Fire', 'Idiots']",68,True,5500.0
Ru Elamo,6445.0180396153155,"['e', 'j', 'Teens Love Huge Clocks']",21,True,6200.0
fred0123456789,6444.790888204195,"['Blink Squad', 'PRESTIGE WORLDWIDE', 'Gucci Coffin', 'SMD9813', 'Radiance invoker', 'Team Ligma', 'SlugWolves', 'Savage Sabers']",61,True,6500.0
Sleepy,6441.4949832503635,['Dark Horse Storm'],26,True,7100.0
Ashley Benson Enthusiast,6437.419149690786,"['Dually Truck Hentai Warriors', 'Reverse Smurfs', 'Dually Truck Diesel Drinkers']",25,True,6400.0
dyl,6428.17936472847,"['Island in the Sun', ""'Nanner Grippers"", 'Team Ligma']",40,True,6200.0
Blanket Man,6426.004740011889,['Island in the Sun'],46,True,6500.0
be nice to me pls,6393.373305011114,"['animal enclosure', 'The Bathtub Club', 'GRIN Rat Society', 'dXo-Warrior', 'Savage Spirits']",61,True,7100.0
AzureSatan[TTV],6379.0507622339655,"['GRIN Rat Society', 'PSGS', 'GRIN Fury']",35,True,6400.0
mrburrito,6334.877651713828,"['Heroes of Golf?', ""'Nanner Grippers"", 'Golf Monday?', ""Daddy's ENGORGED Dictatorship"", 'Golf Thirstday?']",82,True,6300.0
USCreme,6327.33713688756,"['texts go green', 'Reverse Smurfs', 'Nameless', 'Disciples of Synderen', 'Honey Beesports', 'j', 'Have Mercii Daddy', 'e', 'Brain Damage', 'LF Danny Playoff Replacement', 'Repulsive Gaming', 'GRIN Smoke']",92,True,6200.0
ClockWork,6314.865885630725,"[""John Wick's Dog""]",20,True,6600.0
Tinz,6301.722331146036,"['Dark Horse Storm', 'Dark Horse Vitality']",70,True,6200.0
Sabo,6281.340215110014,"['texts go green', 'e', 'j', 'Have Mercii Daddy', 'LF Danny Playoff Replacement']",25,True,6100.0
Mango,6276.555009393178,"['Island in the Sun', 'Jackson 5']",49,True,6300.0
Bluejay - By Saint Laurent,6270.267975695255,"['j', 'Teens Love Huge Clocks', 'Blink Squad']",25,True,6100.0
Nuwa,6245.669568210047,['Nameless'],97,True,6200.0
Chunklin,6241.470630880116,['Zealous Gaming'],36,True,5400.0
"What's the Frequency, Kenny?",6236.20747926434,"['SICKR', 'Dually Truck Dumpster-Fire', 'Dota Under the Influence']",43,False,6581.818181818182
å¤œç©ºä¸­æœ€äº®çš„æ˜Ÿ,6225.728662133538,"['Wet Bread', 'ALL CAPS']",28,True,6600.0
lykasumboooty,6216.834539357688,"['Rodents and Hares Pest Control', 'Slugpups', 'dXo-Challenger', ""Blitz's Feet"", 'Nameless', 'THE CROWNFALL FISHING CLUB', '4 NOOBS 1 TROLLBUS']",78,True,6500.0
Schmobama,6188.320776785968,"['Wet Bread', 'ALL CAPS']",29,True,6400.0
The tism (Patient Zero),6169.807679688928,"['Bubble Team', 'GRIN Rat Society', 'Big Farma', 'GRIN Smoke']",49,True,6700.0
Finesse,6139.026026734818,"['Nameless', 'Pizzadog Academy']",97,True,5100.0
Nuudle,6120.471186785411,"['Slugpups', 'Honey Beesports', 'Tactical Feeding', 'SlugWolves', 'Savage Sabers']",71,True,6500.0
Dizzle,6118.327793788848,"['Dark Horse Storm', 'Dark Horse Vitality']",70,True,5300.0
Subtlety,6116.616621243405,['Nameless'],39,True,6400.0
Old Ramen,6116.427459401072,['GRIN Smoke'],32,True,6400.0
Chadenator,6108.206227352272,"['Nether Knights', 'Tactical Feeding', 'THE CROWNFALL FISHING CLUB']",58,True,7100.0
GodRamen,6108.206227352272,"['Nether Knights', 'Tactical Feeding', 'THE CROWNFALL FISHING CLUB']",58,True,7100.0
SchmoobledeeBread,6108.201044917814,"['Wet Bread', 'ALL CAPS']",31,True,6200.0
oblivionkc,6103.344380202219,['Dark Horse Storm'],24,True,6200.0
Pengin,6080.279587355288,['Dark Horse Storm'],59,True,5400.0
McGroovy,6072.183912386215,"[""John Wick's Dog""]",20,True,6200.0
Ratticus,6064.403932257639,"['GRIN Rat Society', 'GRIN Smoke']",51,True,6100.0
4GG,6062.677441916519,['THE CROWNFALL FISHING CLUB'],23,True,6200.0
GATA,6061.173730771895,"['Pepecopters', 'Reverse Smurfs', 'Nameless', 'Dually Pubstars']",80,True,7300.0
Fascist Clock,6055.037256040381,['GRIN Rat Society'],28,True,6200.0
Paravane,6045.226613406287,"['Slugpups', 'SlugWolves', 'Big Dingoz']",44,True,5400.0
Shortbus Enjoyer,6036.920799688802,['Crime Time'],24,True,6100.0
JuanSolo,6035.065736892594,['Savage Sabers'],42,True,6200.0
Wilsonsticks,6033.6883539448345,"['Jukes Angels', 'Jackson 5']",29,True,6200.0
despair,6032.299860382818,['SICKR'],21,True,6100.0
Born Again,6011.8039122560185,['Team Samsara'],34,True,6100.0
HelloRobotics,6006.450644968699,"['Golf Wrensday?', ""'Nanner Grippers"", ""Kitten's Kadets""]",37,True,6200.0
RuskDaddy,6001.306243763746,"['Slugcats', 'Disciples of Synderen']",53,True,6500.0
dr.dr2492,5997.9890378880755,['SMD9813'],20,True,5400.0
Dububear,5997.3185196891345,"['Apex Toe Hunters', 'Golf Wrensday?', 'Waist of Golf?', 'GRIN Scythe', ""Daddy's ENGORGED Dictatorship"", 'Golf Thirstday?']",74,True,5300.0
8======D~~~,5980.095128371922,"['Dually Truck Dumpster-Fire', 'THE CROWNFALL FISHING CLUB']",29,True,6100.0
red40warrior,5969.725847487115,"[""'Nanner Grippers"", 'Comrades of Golf?', 'Dually Truck Hentai Warriors', 'Golf Wrensday?', 'Golf Tuesday?', 'Golf Thirstday?']",74,True,5400.0
Ares â˜¯,5966.30261020939,"['Nether Knights', 'Slugpups', 'Tactical Feeding']",34,True,6100.0
Shrewd-Cleric,5962.82206088396,"['Slugpups', 'SlugWolves']",48,True,5400.0
Chimp,5961.323141955914,['Island in the Sun'],30,True,5300.0
KL1,5958.91040312431,"['Nether Knights', 'ALL CAPS', 'Savage Sabers']",51,True,6100.0
Chilling,5951.304265151524,['Big Dingoz'],57,True,5300.0
Perch,5948.427294824266,['Zealous Gaming'],36,True,5100.0
Jenkins Enjoyer,5947.725627513682,"['Slugcats', 'GRIN Scythe']",65,True,6200.0
Dan Rather Did Nothing Wrong,5938.1469910426595,"['Hobbit Hole', 'Hat of Midas']",23,True,6100.0
2k,5938.03593276665,['Big Dingoz'],68,True,6200.0
Creme,5922.026874543958,"['SICKR', 'Slugcats', 'Disciples of Synderen', 'GRIN Smoke', 'Pot of Vainglory']",66,True,5500.0
roxyroro,5918.399029501363,"['SICKR', 'Slugcats']",79,True,5300.0
IITS.èœé¸Ÿ,5903.202876895965,"['Hobbit Hole', 'Island in the Sun', 'Slugpups', 'dXo-Challenger', 'Reverse Smurfs', 'Big Dingoz', 'GRIN Smoke']",84,True,6200.0
é¾å ´æ‚Ÿé“,5888.002423393351,"['Reverse Smurfs', 'Big Dingoz', 'Disciples of Synderen', 'Savage Sabers']",41,True,6300.0
Clippy,5872.569730466836,"['Heroes of Golf?', 'Golf Tuesday?', ""Kitten's Kadets"", 'Golf Thirstday?', 'Batchesters of Golf?']",88,True,5500.0
Voidhunter,5870.531758207896,['Big Dingoz'],78,True,6100.0
Architeuthis,5856.399073403997,"['dXo-Warrior', 'Disciples of Synderen']",66,True,6300.0
Pibbles,5853.975239254882,"['Mary Todd Lincoln: Forever Young', 'Zealous Gaming']",34,True,5400.0
Mangos,5833.9518912196645,['Crime Time'],24,True,5500.0
Lonely Warrior,5802.800600159663,"['Island in the Sun', 'Slugpups', 'Nameless', '5 Guys 1 Cup', 'GRIN Scythe']",64,True,5500.0
Finley,5799.828822257574,"['Hat of Midas', 'Big Farma']",40,True,6100.0
Stanley,5796.9346767468405,"['Comrades of Golf?', ""Kitten's Kadets"", 'Golf Thirstday?', 'Batchesters of Golf?']",52,True,5200.0
Space Cowboy,5789.694782843572,"['dXo-Challenger', 'SICKR', 'Force Squad', 'Big Dingoz', 'dXo-Warrior', 'GRIN Fury', 'Savage Sabers']",49,True,5500.0
romance anime,5787.70078988123,"['Honey Beesports', 'Slugpups']",22,True,5300.0
Swag should be free,5785.79216964298,['Mary Todd Lincoln: Forever Young'],43,True,5500.0
BillRot,5783.6745880501585,"['Tactical Feeding', 'Savage Sabers', 'repulsive Gaming']",34,True,6500.0
ddÄ±Êžs,5771.608810999826,"['Island in the Sun', 'Repulsive Gaming', 'Savage Sabers', 'repulsive Gaming']",54,True,6200.0
Jester,5770.797308411662,['Mary Todd Lincoln: Forever Young'],56,True,5400.0
tyler your dad is here,5770.165078463977,['Mary Todd Lincoln: Forever Young'],41,True,5400.0
Ailerath,5760.9952586127565,['Mary Todd Lincoln: Forever Young'],56,True,5300.0
ezu,5757.152070177317,"['Golf Thirstday?', 'Apex Toe Hunters']",27,True,5400.0
AwRoosTeR,5754.178169856945,"['Hat of Midas', 'Big Farma']",57,True,6100.0
idrinkyourmilkshake,5748.508734612538,['Disciples of Synderen'],83,True,6400.0
Clowner,5741.553093315492,"['Derailed Gaming', 'Hat of Midas']",33,True,6300.0
Megasheepz,5718.190501814601,['Hat of Midas'],24,True,5500.0
GAMbro,5717.8842869423925,"['Island in the Sun', 'Petting Zoo Daddies']",36,True,6200.0
Night,5716.661588507675,['Salt the Earth'],20,False,5116.666666666667
Graphix,5705.391922341166,['Savage Sabers'],90,True,5400.0
Apap$icle,5696.0927209473975,"['Repulsive Gaming', 'repulsive Gaming']",20,True,5500.0
Lucky Day,5681.250400859382,"['Radiance invoker', 'GRIN Smoke']",57,True,5500.0
"WiseKiller, Evan",5677.076468397971,"['Golf Tuesday?', 'Disciples of Synderen']",89,True,6100.0
JAB,5659.070351310227,"['Repulsive Gaming', 'repulsive Gaming']",20,True,5400.0
ToAsT,5639.556388427616,"['Nameless', 'GRIN Smoke']",31,True,5500.0
GraceJam,5638.369135508125,"['Waist of Golf?', ""Kitten's Kadets"", 'Apex Toe Hunters']",24,True,5200.0
Cloudz,5629.1034259566295,['Disciples of Synderen'],87,True,5300.0
Prev0st,5620.693704772322,"[""John Wick's Dog"", 'Big Farma']",21,True,5400.0
nÃ¶,5620.292534149705,"['Dually Truck Gas Gremlins', 'Savage Sabers']",65,True,5500.0
Road to Immortal,5618.921974985273,"['Radiance invoker', 'Veni Vidi Vici', 'Savage Sabers']",51,True,6200.0
tinypuddles,5608.355246577339,['Disciples of Synderen'],77,True,6100.0
IharaSan,5607.848589154884,"['Soulless', 'Radiance invoker', 'GRIN Smoke']",79,True,4700.0
Jacques De Gatineau,5603.369457058369,"['GRIN Scythe', 'GRIN Smoke']",36,True,5100.0
pomato,5587.244736763211,['Derailed Gaming'],53,True,6200.0
TwoLostSouls,5571.088867397266,"['Asphalt Annihilators', 'Dually Truck Dumpster-Fire', 'Ancient Assault Squad', 'Big Farma']",57,True,5300.0
HamCity,5559.573544712171,['GRIN Smoke'],22,True,5400.0
illusive,5554.228329739684,"['Honey Beesports', 'Dually Truck Dumpster-Fire', 'Dually Truck Diesel Drinkers']",29,True,5400.0
TrueLemon,5551.434011765943,['Team Samsara'],24,False,5366.666666666667
rag3psych0,5536.94565143663,"['Dually Truck Gas Gremlins', 'Savage Sabers']",65,True,5200.0
Havok,5530.869952843702,['5 Guys 1 Cup'],35,True,5500.0
Vitruvius,5525.440796842518,"['Blink Squad', 'Slugcats', '5 Guys 1 Cup', 'Dually Truck Dumpster-Fire', 'Big Dingoz']",81,True,5100.0
AdmiraL Jiren,5524.628592373602,['Derailed Gaming'],41,True,5400.0
Lower your expectations,5501.0448543889,"['Dark Horse Storm', 'Rodents and Hares Pest Control', 'Blink Squad', 'Asphalt Annihilators', 'Brain Damage']",75,True,6200.0
Flameice,5498.955996506157,['Derailed Gaming'],53,True,5100.0
AchillesLast,5483.355568451699,"['Dually Truck Chicken Cartel', 'Big Dingoz']",84,True,5100.0
Tyro,5477.023910285178,"['LoveLess', 'Nameless']",30,True,5200.0
Bug Collector,5465.425856112517,['Big Farma'],23,True,5200.0
Soseph Jalin,5456.087041043127,"['Reverse Smurfs', 'Big Dingoz']",101,True,4300.0
roian,5447.531407657884,"['dXo-Warrior', 'Dually Truck Dumpster-Fire', 'The Bathtub Club']",67,True,5500.0
The Spanish Inquisition,5445.567604823801,['5 Guys 1 Cup'],39,True,5200.0
Kickass,5445.272485908795,['Derailed Gaming'],20,True,5300.0
stormBREAKER,5422.654947268683,['Petting zoo retards'],27,True,5300.0
B-Town,5407.260711481973,['Jackson 5'],21,True,5400.0
Kinomoto Sakura,5400.995031542633,['Mary Todd Lincoln: Forever Young'],56,True,4100.0
Leo Das,5384.636341704262,['Derailed Gaming'],46,True,4700.0
Crimson,5384.362776698806,"['Hobbit Hole', 'Blink Squad', 'Dually Pubstars', 'Honey Beesports', 'Reverse Smurfs', 'Dually Truck Diesel Drinkers']",49,True,5300.0
ididid,5370.355799919487,['Petting zoo retards'],46,True,6100.0
Jdog,5306.158922697653,"[""John Wick's Dog""]",20,False,4683.333333333333
Toms Bad at Games,5302.480079015052,"['Petting Zoo Daddies', 'Petting zoo retards']",34,True,5500.0
Wills,5262.281108675444,"['Hobbit Hole', 'Crime Time', 'Island in the Sun', 'Blink Squad', 'Reverse Smurfs', 'Nameless', 'Force Squad', 'The Bathtub Club', 'Dually Truck Chicken Cartel', 'Vitamin Beesports', 'Grin.Nova']",100,True,5200.0
rZ | sidez,5261.446773192088,['Petting zoo retards'],50,True,5600.0
WackoSwami,5248.941625569535,"['Pepecopters', 'Reverse Smurfs']",86,True,5100.0
TigOlBittiez,5245.229630357667,"['Pepecopters', 'Reverse Smurfs']",82,True,5300.0
Sandman,5244.824362620456,"['Pizzadog Academy', 'Slugpups', 'Disciples of Synderen']",50,True,6100.0
rauke22,5242.198760092243,"['Slugpups', 'Reverse Smurfs', 'Dually Truck Gas Gremlins', 'dXo-Explorer', 'GRIN Smoke']",58,True,4500.0
THE REAL IS BACK,5241.072013564639,"['Honey Beesports', 'Pizzadog Academy']",39,True,5300.0
Rampage,5235.890167018955,"['4 NOOBS 1 TROLLBUS', 'Reverse Smurfs']",27,True,5200.0
purplemudkip,5231.640737201044,"['Comrades of Golf?', 'Golf Tuesday Reborn?', 'Soulless']",45,True,5400.0
WackoDubbz,5228.747727216614,"['Pepecopters', 'Reverse Smurfs']",82,True,5100.0
Arc,5216.981008713145,"['Hobbit Hole', 'Dually Truck Gas Gremlins']",21,True,5200.0
PzR | agpat07,5192.813898694198,['Petting zoo retards'],50,True,5200.0
Tim The Enchanter,5190.111172259401,['Hobbit Hole'],41,True,5300.0
Red X,5177.824373383998,"['Blink Squad', 'Dually Pubstars', 'Slugcats', 'Disciples of Synderen', 'Petting Zoo Daddies', 'Dually Truck Dumpster-Fire', 'Ancient Assault Squad', 'Vitamin Beesports']",87,True,4300.0
Propaganda,5176.916807956759,"['Hobbit Hole', 'Blink Squad', 'Soulless', 'Porpin My Crank ']",46,True,5300.0
Kitten,5165.925042996622,"['Golf Tuesday Reborn?', ""Kitten's Kadets"", 'Golf Tuesday?', 'Batchesters of Golf?']",55,True,4200.0
Nhaleet,5158.785301182607,"['Asphalt Annihilators', 'Dually Truck Dumpster-Fire', 'Dually Pubstars']",38,True,5300.0
Qapla',5155.620669213881,"['Reverse Smurfs', 'dXo-Explorer', 'GRIN Fury', 'GRIN Prism']",34,True,5300.0
Sefat1307,5139.685479941455,"[""John Wick's Dog""]",20,True,4500.0
shiv_cs,5137.542017533493,"['Petting Zoo Daddies', 'Reverse Smurfs']",35,True,5500.0
â€ LuminousNiteâ€ ,5136.707413924608,"['4 NOOBS 1 TROLLBUS', 'dXo-Challenger', ""Epstein's Islanders"", 'Team BSJ']",27,True,5500.0
pac,5128.1259633924465,"['Dually Truck Gas Gremlins', 'Island in the Sun', 'The Mittens']",40,True,4400.0
ChickenPollo,5123.36796278825,"['Dually Truck Dumpster-Fire', 'Dually Truck Chicken Cartel', 'Dually Truck Diesel Drinkers']",57,True,5300.0
Gund@m,5120.097368365645,['dXo-Explorer'],20,True,5200.0
Huey Lewis,5118.590584496386,['The Mittens'],79,True,5300.0
Zyle,5115.644071622066,"['Dark Horse Storm', 'dXo-Challenger', 'Disinformation Campaign', 'Reverse Smurfs', 'Dually Truck Dumpster-Fire', 'Dually Truck Chicken Cartel', 'GRIN Scythe']",69,True,5500.0
SALT.DGr8Cornholio,5112.9237779189825,['The Mittens'],85,True,5200.0
Mr. Fahrenheit,5103.700758337335,['The Mittens'],92,True,5300.0
4knee,5100.467200455865,['5 Guys 1 Cup'],39,True,4400.0
WadeMasterGAME.TTV,5099.316611651264,"['Force Squad', 'Dually Truck Chicken Cartel', 'Big Dingoz', 'Pizzadog Academy', 'GRIN Rat Society']",41,True,5200.0
KeyserSÃ¶ze,5097.635157050641,"['Hobbit Hole', 'Grin.Nova']",100,True,6200.0
auryce,5092.189792763469,['The Mittens'],92,True,5400.0
rZ | mercy,5078.06894505313,['Petting Zoo Daddies'],22,True,5200.0
Twystedweb,5076.863516769209,['The Mittens'],89,True,4300.0
Slavic Donut,5073.18702274663,"['Petting Zoo Daddies', 'Petting zoo retards']",49,True,5200.0
Beef Supreme,5064.08916604045,['Hobbit Hole'],83,True,5400.0
WOOD SYRUP,5053.3127611902,['GENSYS '],23,True,5500.0
Little Debbie Xmas Tree Cake,5049.471250023468,"['Grin.Nova', 'Good Time Squad', 'Blink Squad', 'Disinformation Campaign']",82,True,5300.0
Dacite,5024.564361568105,['The Three Meepo Problem'],29,True,5400.0
megamatt,5022.674760983446,"['Hobbit Hole', 'Blink Squad']",85,True,4200.0
The Red Seal,5016.493621977681,"['Hobbit Hole', 'Blink Squad']",92,True,5300.0
Ali Bot,5006.605606957953,"['Dark Horse Storm', '4 NOOBS 1 TROLLBUS', 'Disinformation Campaign']",25,True,5300.0
"Dr. Donkey Dick, DMD",5002.829385711631,"['Petting Zoo Daddies', 'Petting zoo retards']",32,True,4700.0
Biggie,4992.137762973591,"['LoveLess', 'The Bathtub Club', 'Quasar Dreams', 'Grin.Nova', 'Soulless', '4 NOOBS 1 TROLLBUS', 'GRIN Smoke']",83,True,5400.0
the URBAN_Goose,4972.318971048099,"['Golf Tuesday Reborn?', 'Golf Tuesday?', 'Batchesters of Golf?']",37,True,5100.0
Rh1no,4971.427528086753,['I am > I was'],22,False,4271.428571428572
arc warden with boobs,4968.52267978715,"['Asphalt Annihilators', 'Slugcats', 'The Mittens', 'Dually Pubstars']",47,True,5200.0
JinxHUN,4961.961590528174,['Disinformation Campaign'],30,True,5200.0
VeX,4958.807074314038,"['Teens Love Huge Clocks', 'Soulless', 'Brain Damage']",22,True,4100.0
.:;..luhhhhhiihhhhh,4958.708571570442,"['Quasar Dreams', 'Grin.Nova']",65,True,5100.0
Tyrannosaurus.Hex,4943.7550926887025,"['Asphalt Annihilators', 'Dually Pubstars', 'Blink Squad', 'Killer Beesports']",66,True,5100.0
Jezzer,4935.957481892452,"['Slugpups', 'Reverse Smurfs', 'Pizzadog Academy', 'Quasar Dreams', 'Grin.Nova']",78,True,4100.0
~SauceðŸ›³,4933.297007748293,"['Quasar Dreams', 'Grin.Nova']",73,True,4200.0
Plibt,4925.883776471526,"['Asphalt Annihilators', 'Dually Truck Diesel Drinkers', 'Dually Pubstars']",59,True,4500.0
âœªï¸Ž_DArK AcE â„¢,4924.284515440986,"['Slugpups', 'The Mittens', 'LF Danny Playoff Replacement', 'Pizzadog Academy', 'Quasar Dreams', 'Grin.Nova', 'Soulless']",78,True,4300.0
FarmAssist[Shadow_Merc],4901.912954491493,['Jackson 5'],31,True,4300.0
Old Man,4878.827889856921,"['Hobbit Hole', 'Dually Truck Chicken Cartel', 'Ancient Assault Squad', 'dXo-Explorer', '4 NOOBS 1 TROLLBUS', 'Prius PickUps', 'Soulless']",72,True,4600.0
G.U.N.D.A.M,4843.03763479581,"['Slugpups', 'Dually Truck Chicken Cartel', 'dXo-Explorer', 'Prius PickUps', 'The Three Meepo Problem']",64,True,5100.0
[ORCA] Ceotexas,4828.538285218522,['5 Guys 1 Cup'],28,True,4200.0
Backyardsluts9,4827.042267989956,"['Petting Zoo Daddies', 'Petting zoo retards']",49,True,4100.0
Betabits,4787.414129995906,"['Slugpups', 'dXo-Explorer', 'Pot of Vainglory']",42,True,4200.0
Tavanushi,4786.290584534719,"['Slugpups', 'Pizzadog Academy']",33,True,4200.0
RedFaction,4779.486618546286,['The Three Meepo Problem'],31,True,4300.0
Dark,4778.953226587612,"['Slugpups', 'Good Time Squad', 'Blink Squad']",69,True,4300.0
Syndicate,4749.604096941927,['GENSYS '],38,True,5300.0
GayedMaster,4740.203292906088,"[""Epstein's Islanders"", 'Team BSJ', 'Disinformation Campaign']",40,True,5100.0
aTruckgril Beverly âœ¿,4738.1654015730555,"['ALL CAPS', 'The Three Meepo Problem']",33,True,4300.0
CHEFRICK,4737.284417768214,['5 Guys 1 Cup'],22,True,4200.0
Hangende Harry,4711.132562176994,['Hobbit Hole'],21,True,4300.0
Rada,4683.376965117011,"['Pizzadog Academy', 'Disinformation Campaign']",37,True,4600.0
Foxx,4680.162439024486,"['LoveLess', 'Nether Knights', 'Pizzadog Academy', 'Quasar Dreams', 'Grin.Nova', 'Soulless']",36,True,4200.0
Kulaid,4656.092582859423,"['Hobbit Hole', 'Prius PickUps', 'Blink Squad']",68,True,4700.0
Ziggy,4652.88789741724,"['Lemon Snow Cones', 'The Mittens']",75,True,6100.0
LeBrao Zedong,4649.578940785517,['Crime Time'],27,True,3600.0
Ro914,4647.988151300568,"['Nether Knights', 'Tactical Feeding', 'LoveLess']",34,True,4100.0
normalin,4647.710461495465,"['Prius PickUps', 'Slugpups', 'dXo-Challenger', 'Pot of Vainglory']",72,True,4500.0
Bad Das,4641.083395355482,['Derailed Gaming'],28,True,4300.0
rZ | oXy,4627.800946075576,"['Petting Zoo Daddies', 'Petting zoo retards']",20,True,4400.0
Snapped,4626.488024282223,['Lemon Snow Cones'],77,True,5000.0
Noy,4573.7478867591,['GENSYS '],38,True,4200.0
Darkk,4573.606868134337,"['Team Blunder', 'Dually Truck Dumpster-Fire', 'The Bathtub Club']",49,True,3600.0
tar,4565.986966607504,['Lemon Snow Cones'],79,True,5200.0
JanKed,4552.253894479116,['Lemon Snow Cones'],77,True,4600.0
DistantEcho,4534.906361961082,"['Lemon Snow Cones', 'The Mittens']",73,True,4500.0
Sailor Godzilla,4521.449700485624,"['Slugpups', 'Asphalt Annihilators', 'Reverse Smurfs', 'Dually Truck Dumpster-Fire', 'Dually Truck Chicken Cartel', 'Ancient Assault Squad', 'Vitamin Beesports', 'Killer Beesports']",51,True,4300.0
é©¼é¹¿,4421.456625799587,"['Prius PickUps', 'Vitamin Beesports']",34,True,4300.0
Who Got Smoke,4339.108526948767,"['Quasar Dreams', 'Grin.Nova']",26,True,3500.0
Lams,4283.216304529245,"['LoveLess', 'Good Time Squad', 'Blink Squad']",20,True,4200.0
t.tv/SlashBDS,4265.693178829737,"['Asphalt Annihilators', 'Quasar Dreams']",32,True,3500.0
No_Hezi,4195.811383192814,['GENSYS '],38,False,3377.777777777778
PhantomJellybean,4095.987894761331,"['Golf Wrensday?', 'Golf Tuesday Reborn?', 'Golf Tuesday?']",39,True,3500.0
TARS,4048.7488159764375,['Disciples of Synderen'],34,True,3300.0
TwelveSeven,4047.456450085243,"['Reverse Smurfs', 'Ancient Assault Squad', 'Blink Squad', 'Dually Pubstars']",46,True,3400.0
jphuffman55,4044.4202612206604,['The Three Meepo Problem'],33,True,3100.0
1335 6th Avenue NY,3948.5524082462075,['Pizzadog Academy'],26,True,3400.0
1k subhuman,3879.102620143815,"['Good Time Squad', 'Blink Squad', 'Pizzadog.JV', 'Force Squad', 'The Bathtub Club', 'Vitamin Beesports']",55,True,3100.0
ChngGaling!,3873.288095369624,['GENSYS '],20,False,3377.777777777778
lost,3698.3396760412693,"['Good Time Squad', 'Blink Squad', 'Force Squad', 'Ancient Assault Squad', 'Vitamin Beesports']",25,True,3400.0
"Don't Bully me, I'll Cum",3299.1267730791437,"['LoveLess', 'Good Time Squad', 'Force Squad']",35,True,3100.0
