pid,player_name,mmr,player_teams,matches,reliable_mmr,stratz_mmr,rank_confidence
88279069,Dops32,8195.2,"['WAKANDA MADE IN CHYNA', 'KnockKnock']",26,True,8000.0,0.26
79287072,kalnoky,8054.56,['Season 40 Champs'],23,True,8000.0,0.23
160527310,lemonade,8047.85,"['Spice Boys', '#Packwatch']",25,True,8000.0,0.25
126042590,mirth,8036.32,['Toxic Tacos'],20,True,8000.0,0.2
107944284,bored of hermes,8026.56,['Toxic Tacos'],44,True,8000.0,0.44
62681700,tint,8024.17,['Toxic Tacos'],42,True,8000.0,0.42
16460913,ï¼«ï¼ï¼³ï¼´ï¼©ï¼§ï¼³,8017.51,"['Season 40 Champs', 'Balerion All-Blacks']",27,True,8000.0,0.27
329188451,Hex,8013.15,"['Nigma Rebellion', 'KnockKnock', 'Season 42 Champs', 'Rektal Damage', 'Season 40 Champs']",113,True,8000.0,1.0
298941156,imma do her proud,8010.72,"['Waist Of Time', 'The Whimsical Afrasians', ""Brit I'm a Dog, Woof! Brrr"", 'Sounding Club', 'Season 42 Champs', 'Does This Game have Fall Damage?', 'Golf Tuesday?']",71,True,8000.0,0.71
125736754,stanny,8009.25,"['Nigma Rebellion', 'Balerion All-Blacks', 'Season 42 Champs', 'WAKANDA MADE IN CHYNA', 'Rektal Damage', 'Season 40 Champs']",117,True,8000.0,1.0
173836647,MxGuire,8007.29,['Toxic Tacos'],42,True,8000.0,0.42
99623012,Artorius,7997.94,['Toxic Tacos'],40,True,8000.0,0.4
55197649,BRAE,7986.95,['#Packwatch'],21,True,8000.0,0.21
93771421,nkf,7973.33,['#Packwatch'],23,True,8000.0,0.23
258023441,Bungus,7972.34,"['WAKANDA MADE IN CHYNA', 'Waist Of Time', '1-800-QQ', 'Cinco De Mayo']",36,True,8000.0,0.36
179788562,TURTLEKING!,7969.58,['Toxic Tacos'],22,True,8000.0,0.22
338100783,Legao,7964.69,"['Spice Boys', '#Packwatch']",23,True,8000.0,0.23
107245671,Billy Smoocher,7957.47,"['Waist Of Time', 'Cinco De Mayo']",20,True,8000.0,0.2
90802844,Jgillett10,7956.04,"['Nigma Rebellion', 'Balerion All-Blacks', 'Giga Obese Ovarian Navigators', 'Season 42 Champs', 'WAKANDA MADE IN CHYNA', 'dXo-Heroic - Mantle of Midas']",81,True,8000.0,0.81
105721163,SHIVER ME TIMBERS,7953.89,"['Nigma Rebellion', 'KnockKnock', 'Season 40 Champs']",44,True,8000.0,0.44
152431092,Tree,7952.23,"['Want Steep Sets?', 'EnsÅ', 'Bubble Team']",69,True,8000.0,0.69
83177644,Jidnahn â¤ï¸ éŸ¿ã‘!,7950.32,['#1 Yami Glazers'],20,True,8000.0,0.2
110343762,Yami116,7944.61,['#1 Yami Glazers'],22,True,8000.0,0.22
364579488,Mode Dosiia,7938.23,"['Fruits', 'The Whimsical Afrasians', 'Waist Of Time', 'Sounding Club']",31,True,8000.0,0.31
80875284,Andizzle,7935.68,"['Nigma Rebellion', 'Season 42 Champs', 'Team Mochi', 'Soy Sauce: Revolution', 'WeLostThisBros', 'Season 40 Champs']",106,True,8000.0,1.0
114300841,K7,7934.48,"['Nigma Rebellion', 'Balerion All-Blacks', 'Season 42 Champs', 'Rektal Damage', 'Season 40 Champs']",91,True,8000.0,0.91
371313183,involuntary celibate,7931.94,['Empacadores de Soriana'],20,True,8000.0,0.2
161324082,ZYC,7926.28,"['Spice Boys', 'dXo-Heroic - Mantle of Midas']",31,True,8000.0,0.31
177658823,OFF !!!,7921.41,"['KnockKnock', 'Giga Obese Ovarian Navigators', '1-800-QQ']",51,True,8000.0,0.51
128950563,Yawlo,7919.57,['Empacadores de Soriana'],21,True,8000.0,0.21
130864202,MasterZ34,7917.51,['Want Steep Sets?'],41,True,8000.0,0.41
160015825,nojiit,7914.68,"[""WoT's Sounding Club"", 'Scion and the 4 plebs', '1-800-QQ']",20,True,8000.0,0.2
235217293,hc worst nightmare,7912.15,['Empacadores de Soriana'],22,True,8000.0,0.22
172223308,Mari Illustrious Makinami,7906.61,"['Northern Hog Suckers', 'Want Steep Sets?']",57,True,8000.0,0.57
96830510,Drewarosa,7905.34,['Dark Horse Tempest '],24,True,8000.0,0.24
108896499,Yrral,7903.77,"['Northern Hog Suckers', 'Want Steep Sets?', 'dXo-Heroic - Mantle of Midas']",77,True,8000.0,0.77
126559977,sorry,7902.82,"['WeLostThisBros', 'Love & Peace (Right Version)']",40,True,8000.0,0.4
105919622,50.Centaur Saves Gaza,7893.11,"['Spice Boys', 'WAKANDA MADE IN CHYNA', 'Cinco De Mayo']",31,True,8000.0,0.31
91102314,3row,7887.56,"['Spice Boys', 'Sunlight Covenant', 'Team Tidehunter']",57,True,8000.0,0.57
36949149,FrodoLaporte,7880.08,"['Northern Hog Suckers', 'Ape Express', 'Want Steep Sets?', 'Dark Horse']",78,True,8000.0,0.78
80143632,buffles,7871.53,"['NO WRAITHPACT', '1-800-QQ', 'dXo-Heroic - Mantle of Midas']",32,True,8000.0,0.32
210778825,SiliXx.ã‚ã™ã‹,7866.03,"['KnockKnock', 'Balerion All-Blacks', 'Northern Hog Suckers', 'Giga Obese Ovarian Navigators', 'Rektal Damage']",60,True,8000.0,0.6
170424782,Picashii,7860.47,['Dark Horse Tempest '],26,True,8000.0,0.26
55325825,Dr. EpiK,7854.57,"['WeLostThisBros', 'Love & Peace (Right Version)']",43,True,8000.0,0.43
108737528,For The Pills,7841.91,['Gucci God'],20,True,8000.0,0.2
66648223,THE BOILING FROG,7841.31,['Aogiri Tree'],31,True,8000.0,0.31
57569220,Babaganoush,7838.49,['WeLostThisBros'],30,True,8000.0,0.3
215377894,Celtic,7836.07,['Salt the Earth'],20,True,8000.0,0.2
149988876,Kr@Ken_430,7831.49,['THE Sleppers4'],27,True,8000.0,0.27
84362769,wife,7827.88,"['Spice Boys', 'New Rebellion', 'Giga Obese Ovarian Navigators', 'TEAM POLAND', 'dXo-Heroic - Mantle of Midas']",33,True,8000.0,0.33
119377295,soy jamon 4,7825.97,"['TEAM POLAND', 'Team Tidehunter']",38,True,8000.0,0.38
162568432,44 .â€¢*Â¨*â€¢.Â¸Â¸â™ª,7824.92,"['WeLostThisBros', 'Aogiri Tree']",57,True,8000.0,0.57
202993487,hk,7821.34,"['Spice Boys', 'New Rebellion', 'Max Retaliate']",57,True,8000.0,0.57
165060631,S-10,7818.83,"['Gucci God', '#1 Yami Glazers']",43,True,8000.0,0.43
138786119,Roo,7806.87,"['Want Steep Sets?', 'Dark Horse']",93,True,8000.0,0.93
214500783,Scarebee,7806.48,['Dark Horse'],35,True,8000.0,0.35
138789850,ferociousspud,7806.1,['Dark Horse'],80,True,8000.0,0.8
161284777,KingBob,7804.3,"['Dark Horse Storm', 'Dark Horse Vitality', 'Dark Horse']",101,True,8000.0,1.0
145654589,Koamaru,7801.09,"['dXo-Heroic - Mantle of Midas', 'Nat 20']",30,True,8000.0,0.3
383634453,sTough,7799.22,['Dark Horse'],78,True,8000.0,0.78
127222192,Heapin' Honkers,7796.34,"['WeLostThisBros', ""Helmet's On"", 'Aogiri Tree', 'Helmets On']",41,True,8000.0,0.41
152860627,Pumpkin(All chat muted),7793.28,"['WeLostThisBros', 'The Whimsical Afrasians']",20,True,8000.0,0.2
14875011,raze,7793.27,['Aogiri Tree'],37,True,8000.0,0.37
101830977,Naya Of Alara,7787.75,"['Balerion All-Blacks', 'Dark Horse', 'Emotional Damage', 'PSGS']",94,True,8000.0,0.94
206706852,Resisting the Desire to end it,7773.22,"['The Whimsical Afrasians', 'Sounding Club', 'Gucci God', 'Aogiri Tree', 'Drip or Drown']",82,True,8000.0,0.82
186325693,ooo,7769.76,"['DinoMight', 'Gucci God', 'Drip or Drown', '#1 Yami Glazers']",80,True,7300.0,0.8
83934359,Sempiternal,7765.67,"['tainted gluggers', 'mosin on valley']",27,True,8000.0,0.27
83515709,HeroesOfNewerth,7763.88,"['WeLostThisBros', 'Gucci God', 'Northern Hog Suckers', '#1 Yami Glazers']",89,True,8000.0,0.89
449593708,Chanel NÂ°5,7760.77,"['Spice Boys', 'tainted gluggers', 'mosin on valley']",50,True,8000.0,0.5
91985975,Calipsis,7752.99,"['Average Krill Eaters', 'Giga Obese Ovarian Navigators', 'Sunlight Covenant', 'Team Tidehunter']",52,True,8000.0,0.52
907912046,LoneWolf,7745.58,"['WAP', 'Baja Blasters']",23,True,8000.0,0.23
33153117,Tokamak,7727.63,"['Balerion All-Blacks', 'Drip or Drown']",38,True,8000.0,0.38
114916719,criminal animal,7722.0,['Crime Time'],27,True,8000.0,0.27
90143300,TheSmallNut,7714.08,"['Sounding Club', 'EnsÅ', 'Sunlight Covenant']",32,True,8000.0,0.32
95846228,Merk 13,7697.89,"['Does This Game have Fall Damage?', 'dXo-Heroic - Mantle of Midas', 'Nat 20']",44,True,8000.0,0.44
205436003,mode: that brother needs help,7690.51,"['TEAM POLAND', 'Garrett and Friends', 'Wasted Sad & Suicidal', 'Wasted.Creature']",60,True,7400.0,0.6
193088530,BokChoyBitch,7682.92,"['Jason Vas Foundation Picks for the Cure', 'Max Retaliate']",23,True,8000.0,0.23
108449604,ok,7676.17,"['The Whimsical Afrasians', 'GOOD TWINK HUNTING', 'Twinks and The Twinker', ""WoT's Sounding Club"", 'Waist of Time', 'Daggers in my coco']",52,True,8000.0,0.52
304924522,Sixty Two Cents,7675.48,"['Northern Hog Suckers', 'Soy Sauce: Revolution']",54,True,8000.0,0.54
116546314,t.tv/shattovv,7671.3,['beignet boys'],22,True,8000.0,0.22
186775996,Lord Luci,7659.05,"['Heroes of Golf?', 'Rektal Damage', '#Packwatch', 'Sounding Club']",52,True,8000.0,0.52
156115328,green dragon bot,7657.86,"['Heroes of Golf?', 'Waist Of Time', ""Brit I'm a Dog, Woof! Brrr"", 'GOOD TWINK HUNTING', 'Twinks and The Twinker', 'EnsÅ', 'Helmets On', 'Gucci God', 'Waist of Time', 'Golf Tuesday?', 'Daggers in my coco', 'Go play offlane', '7dark Thirty']",123,True,8000.0,1.0
96895570,Tokc,7657.06,"['Wasted Sad & Suicidal', 'Wasted.Creature', 'Wasted with Clare in the Finals', 'We Scale Late ', 'Garrett and Friends']",76,True,8000.0,0.76
99260250,HULK,7650.52,"['We Scale Late ', 'Wasted with Clare in the Finals', 'Wasted.Creature']",52,True,8000.0,0.52
58035115,mafjetz,7649.28,['GRIN Scythe'],22,True,8000.0,0.22
119373284,ScurvyDog,7646.6,"['New Rebellion', 'Cinco De Mayo', 'Waist of Time', 'Daggers in my coco', 'WAKANDA MADE IN CHYNA']",46,True,8000.0,0.46
101387028,Panda,7646.57,"['Heroes of Golf?', ""Brit I'm a Dog, Woof! Brrr"", 'GOOD TWINK HUNTING', 'Twinks and The Twinker', 'Sounding Club', ""WoT's Sounding Club"", 'Golf Tuesday?', 'Daggers in my coco', 'Team Tidehunter', 'Go play offlane']",88,True,8000.0,0.88
165746893,jelly,7641.77,"['Twinks and The Twinker', 'Los Animales de Golf?', 'Coked up (cute) Kobolds', 'GOOD TWINK HUNTING']",59,True,8000.0,0.59
157808123,smack,7640.69,"['Wasted Sad & Suicidal', 'TEAM POLAND', 'Wasted with Clare in the Finals', 'Team Tidehunter', 'Garrett and Friends']",71,True,8000.0,0.71
102264839,Clare: Reloaded,7629.9,"['Wasted Sad & Suicidal', 'Wasted.Creature']",64,True,7400.0,0.64
216650131,SaulGinnis,7629.09,"['Wasted Sad & Suicidal', 'Wasted.Creature', 'Wasted with Clare in the Finals', 'We Scale Late ', 'Garrett and Friends']",77,True,7500.0,0.77
184219860,Antivirus,7625.82,"['Does This Game have Fall Damage?', 'Emotional Damage']",30,True,8000.0,0.3
135662764,Jax,7620.54,"['Scion and the 4 plebs', 'good for ducks, good for me']",37,True,8000.0,0.37
136477138,bombogenesis day,7616.07,"['Wasted.Creature', 'Wasted with Clare in the Finals', 'Foebe Phighters', 'We Scale Late ', 'Garrett and Friends']",64,True,7400.0,0.64
166882602,Bagged Milk,7614.81,"['Baja Blasters', 'beignet boys']",27,True,8000.0,0.27
87841541,Banach,7614.42,"['Heroes of Golf?', ""Brit I'm a Dog, Woof! Brrr"", 'Golf Monday?', 'Twinks and The Twinker', 'Golf Tuesday?']",80,True,6500.0,0.8
35592634,de la Heeba,7610.03,['Jukes Angels'],25,True,8000.0,0.25
92009786,ol' stinky,7606.29,"[""Daddy's ENGORGED Dictatorship"", 'sheeesh']",21,True,8000.0,0.21
125919344,Ëš+Ëš+Ëš+Ëš+Ëš+Ëš,7595.72,['Dually Truck Hentai Warriors'],21,True,8000.0,0.21
69243302,h!,7592.48,['Wasted.Creature'],22,True,7500.0,0.22
116468025,Shamuraii,7591.35,"['Heroes of Golf?', 'Team Tidehunter', 'Highly Regarded Individuals', 'Plinks of Golf?']",79,True,8000.0,0.79
127139604,Scionara,7582.08,"['EnsÅ', 'Scion and the 4 plebs', 'good for ducks, good for me', '#Packwatch']",84,True,8000.0,0.84
173911834,Fathomorg,7580.53,"['Does This Game have Fall Damage?', 'WeLostThisBros', 'Love & Peace (Right Version)', 'Emotional Damage']",62,True,8000.0,0.62
81433630,BORK,7563.35,"['Flex Offenders', 'Glizzy Gobblers']",37,True,8000.0,0.37
124169575,spanky,7560.05,['Team Mochi'],82,True,8000.0,0.82
58405454,Luigi Mangione,7559.05,"['Heroes of Golf?', 'Ape Express', 'mosin on valley']",33,True,8000.0,0.33
100999890,â…§â…§â…§â…§â…§â…§â…§â…§â…§â…§â…§â…§â…§â…§â…§â…§â…§â…§â…§â…§â…§,7558.26,"['Flex Offenders', 'Glizzy Gobblers']",39,True,8000.0,0.39
81412825,poogie,7558.26,"['Flex Offenders', 'Glizzy Gobblers']",39,True,8000.0,0.39
65444229,Dr. UndoneJin,7557.83,"['Team awesome', 'Sounding Club', 'Nocturnal Rainbow', 'Salt the Earth']",52,True,8000.0,0.52
211027462,Holoãƒ›ãƒ­,7542.59,"['Does This Game have Fall Damage?', ""Chicken Joe's Reincarnation Cult"", 'good for ducks, good for me']",45,True,8000.0,0.45
87485908,lovell!!!!!!!!!!!!!!!!!!!,7540.04,"['Northern Hog Suckers', 'Dark Horse Tempest ', 'Soy Sauce: Revolution']",106,True,8000.0,1.0
95023636,Lake Michigan,7539.78,"['Dark Horse Tempest ', 'Soy Sauce: Revolution']",102,True,8000.0,1.0
210193519,Brok3n-,7537.26,"['Scion and the 4 plebs', 'Aogiri Tree', 'Go play offlane']",42,True,8000.0,0.42
167390514,ShadowAce,7522.48,"['We Scale Late ', 'Wasted.Creature']",24,True,7300.0,0.24
152072189,Imphatic,7520.07,"['Nocturnal Rainbow', 'Salt the Earth']",22,True,7300.0,0.22
182969268,Blockaâ„¢,7511.59,"['DinoMight', 'Jason Vas Foundation Picks for the Cure']",32,True,8000.0,0.32
202345767,Spiroar,7503.45,"['EnsÅ', 'Dota Under the Influence', 'Team Krill Eater']",28,True,8000.0,0.28
117711668,Angrysun,7501.55,"['Dark Horse Storm', 'Dark Horse Tempest ', 'Golf Monday?', 'Dark Horse Vitality']",101,True,8000.0,1.0
165060941,KILLAYOUA,7499.22,"['Gucci Coffin', 'Jukes Angels']",27,True,8000.0,0.27
125467075,han,7492.82,['Team Mochi'],101,True,8000.0,1.0
122002400,hungryphenix,7489.51,['Team Mochi'],99,True,7300.0,0.99
239724237,Excaliburracuda,7489.45,"[""Brit I'm a Dog, Woof! Brrr"", 'PSGS', 'Pot Of Greed']",34,True,8000.0,0.34
189671530,bulbi,7485.79,"['I am > I was', 'Pot Of Greed', 'WAP', 'Digital Habitat', 'Aogiri Tree', '10toes']",35,True,8000.0,0.35
40910197,FLYDOM,7484.11,['Team Mochi'],99,True,6600.0,0.99
144699082,@CrasheroniDota,7482.15,"['Dark Horse Tempest ', 'Max Retaliate']",39,True,7400.0,0.39
171236062,lysergic acid diethylamide,7471.34,"['Island in the Winter Sun', 'Conquerors of the Island in the Sun', 'Dually Truck RoadRunners']",29,True,8000.0,0.29
134156143,Potatoes~~~~,7466.93,['Wasted.Creature'],20,True,7300.0,0.2
241370187,Peter Buttermilk,7466.87,['New Rebellion'],20,False,7000.0,0.2
121233387,kden,7462.11,"['Baja Blasters', 'beignet boys', 'Soy Sauce: Revolution']",51,True,7400.0,0.51
492401757,Egotistical Confidence,7459.62,"['Simple Chemistry', 'dXo-Rejects', 'The Rejects', 'Scion and the 4 plebs', 'SpookyScarySkeletons', 'good for ducks, good for me']",101,True,8000.0,1.0
429430851,pookah,7457.21,"['dXo-Warrior', 'beignet boys', 'Grillin and Chillin']",47,True,8000.0,0.47
150457215,captainlittledinky,7454.66,"['Nocturnal Rainbow', 'Salt the Earth']",32,True,7400.0,0.32
393946176,JuicyPanda,7449.98,"['Heroes of Golf?', 'Waist of Time', 'Daggers in my coco', 'Highly Regarded Individuals', 'Plinks of Golf?']",71,True,8000.0,0.71
93641593,Marooniii,7449.19,"['Dually Truck Hentai Warriors', 'Dually Truck Diesel Drinkers', 'Dually Truck RoadRunners', 'Radiance invoker']",38,True,8000.0,0.38
124130900,MAQ-IQ,7444.63,"['Dually Truck Hentai Warriors', 'Golf Wrensday?', 'dXo-Heroic - Mantle of Midas']",45,True,8000.0,0.45
46561667,we dont drink 32s,7440.86,"['Sounding Club', 'tainted gluggers', 'mosin on valley', '#Packwatch']",27,True,7200.0,0.27
158863043,waffz,7439.62,"['Flex Offenders', 'Glizzy Gobblers']",37,True,7400.0,0.37
86493830,Icarus,7439.22,"['Does This Game have Fall Damage?', 'Plinks of Golf?']",66,True,6600.0,0.66
136072563,KayceeMJ,7439.2,"['Dark Horse Tempest ', 'GRIN Scythe', 'GRIN Prism', 'Nameless']",77,True,7200.0,0.77
66455933,Erock,7423.73,"['Heroes of Golf?', 'EnsÅ', 'Does This Game have Fall Damage?', 'Highly Regarded Individuals', 'Plinks of Golf?']",58,True,8000.0,0.58
109963901,K1ra,7421.16,"['EnsÅ', '1-800-QQ']",35,False,7069.2307692307695,0.35
173365627,Fav,7416.45,"['EnsÅ', 'dXo-Champion', 'Digital Habitat']",74,True,8000.0,0.74
116198402,PizzaJr,7410.97,"['Grillin and Chillin', 'EnsÅ', 'Soy Sauce: Revolution', 'Foebe Phighters']",53,True,8000.0,0.53
114111470,Edge Tember,7409.91,"['Heroes of Golf?', 'Comrades of Golf?', 'Golf Monday?', 'Highly Regarded Individuals']",97,True,8000.0,0.97
72046975,Rusty Shackleford,7407.8,"['Heroes of Golf?', 'Golf Monday?', 'Highly Regarded Individuals', 'Plinks of Golf?']",98,True,7500.0,0.98
90740716,Bernie Sanders,7385.06,"['Golf Monday?', 'Comrades of Golf?', 'Los Animales de Golf?', 'Highly Regarded Individuals', 'Batchesters of Golf?']",89,True,7200.0,0.89
171998081,TornadO,7384.92,['Team Mochi'],65,False,6054.545454545455,0.65
182263270,yoshi,7359.57,"[""Chicken Joe's Reincarnation Cult"", 'GRIN Scythe', 'GRIN Prism']",40,True,8000.0,0.4
128999026,Ouchkabibbles,7351.01,"[""Helmet's On"", 'Helmets On']",85,True,7400.0,0.85
52558152,Stretchy Arms,7348.43,['Helmets On'],87,True,7100.0,0.87
836834145,Morning,7347.84,"['animal enclosure', 'Dota Under the Influence', 'GRIN Fury']",21,True,8000.0,0.21
33429859,Radiofoot,7346.65,"['Island in the Winter Sun', 'Helmets On', 'Team Samsara']",91,True,7500.0,0.91
80518956,Big Red,7346.46,"['Does This Game have Fall Damage?', 'EnsÅ']",76,True,7300.0,0.76
272264716,Merc-Ury,7341.37,"['Does This Game have Fall Damage?', 'EnsÅ']",74,True,7400.0,0.74
128672357,"JerBear, Today's Word: å¾—é–’é£²èŒ¶",7340.81,"['Dark Horse Tempest ', 'Jason Vas Foundation Picks for the Cure', 'Max Retaliate']",23,True,7300.0,0.23
242151708,Sync,7340.46,['Calamity Crew'],37,True,8000.0,0.37
52719223,Dr. Changsteen,7334.02,"['DinoMight', ""Helmet's On"", 'Helmets On']",91,True,6200.0,0.91
59555211,dnjiii,7310.07,"['WAP', 'GRIN Fury', 'Dually Truck RoadRunners']",41,True,8000.0,0.41
207661840,please immortal,7307.26,"['The Whimsical Afrasians', 'Sounding Club', 'I am > I was', 'Team Samsara', 'Does This Game have Fall Damage?']",37,False,7078.571428571428,0.37
148359584,Someoneskid,7293.05,['SMD9813'],25,True,7400.0,0.25
140711072,Urbow,7290.6,"['The Whimsical Afrasians', 'Sounding Club', ""Harambe's Homies"", 'Los Animales de Golf?', 'Nocturnal Rainbow', 'Digital Habitat', 'Team Ligma']",93,True,7200.0,0.93
135952396,Son,7256.42,"['I am > I was', 'beignet boys', 'Scion and the 4 plebs', '10toes', 'Savage Spirits']",39,True,7300.0,0.39
91095810,C0re,7254.08,"['Heroes of Golf?', 'GOOD TWINK HUNTING', 'Twinks and The Twinker', 'Coked up (cute) Kobolds', ""Harambe's Homies"", 'Simple Chemistry', 'DinoMight', 'Slow Twitch Muscle Fibers', 'Jukes Angels']",54,True,7400.0,0.54
119524982,pG,7251.3,['Zealous Gaming'],36,True,8000.0,0.36
177976421,I Am Steve,7240.82,"['WAP', 'texts go green']",28,True,7400.0,0.28
439731573,Hartrun7,7230.91,"['Gucci Coffin', 'PSGS', 'mosin on valley', ""Harambe's Homies""]",31,True,7200.0,0.31
139555918,Thugpot@to01,7226.75,"['Coked up (cute) Kobolds', 'Does This Game have Fall Damage?', 'dXo-Champion', '1-800-QQ']",40,True,7100.0,0.4
362604635,JzaR,7186.7,"['sheeesh', 'SMD9813', 'Aogiri Tree', 'DinoMight', ""Daddy's ENGORGED Dictatorship""]",95,True,8000.0,0.95
34077312,Black-up,7179.47,"['Golf Monday?', ""Helmet's On"", 'Rats and Bunnies', 'Helmets On']",113,True,5500.0,1.0
229031494,Ctrl-,7174.75,"['Ape Express', 'EnsÅ']",29,True,7200.0,0.29
56849230,4thwrldmrshl,7165.38,"['Conquerors of the Island in the Sun', 'EnsÅ', 'The Bathtub Club', 'dXo-Rejects', 'The Rejects']",81,True,8000.0,0.81
133088414,Abmis,7155.79,['GRIN Scythe'],48,True,7100.0,0.48
121466200,Russ,7154.85,['SpookyScarySkeletons'],21,True,7200.0,0.21
121514552,Lorenzo,7153.67,"['Coked up (cute) Kobolds', 'Average Krill Eaters', 'Ape Express', 'Team Krill Eater']",54,True,8000.0,0.54
140851716,JDFM,7151.75,"['Island in the Winter Sun', 'Conquerors of the Island in the Sun', 'Dually Truck RoadRunners']",28,True,7100.0,0.28
51134778,Aynek,7150.53,['SpookyScarySkeletons'],23,True,7200.0,0.23
116827707,Welshy,7149.93,['Pot Of Greed'],20,True,7400.0,0.2
309760628,Profanity,7144.91,['The Rejects'],20,True,7100.0,0.2
101375328,Plate,7119.65,"[""'Nanner Grippers"", 'GRIN Prism', 'Sounding Club', 'Savage Spirits']",20,True,7300.0,0.2
157521565,Last Son of Krypton,7119.04,['Savage Spirits'],79,True,7500.0,0.79
158793172,Gift,7115.81,"['mosin on valley', 'Savage Spirits']",20,True,7100.0,0.2
905261339,Khalsa GM,7112.43,['SpookyScarySkeletons'],23,True,7100.0,0.23
86755652,Achilles,7101.17,['7dark Thirty'],33,True,7400.0,0.33
127295416,printer,7095.02,['Savage Spirits'],90,True,8000.0,0.9
119348288,GlHf,7079.47,"['beignet boys', 'Grillin and Chillin', 'Cerviche Molotov']",32,False,6825.0,0.32
189218608,ë¼ì¼ë¦¬,7078.29,"['DinoMight', 'Savage Saints', 'Savage Spirits']",95,True,7100.0,0.95
96967132,Lapsed Pacifist,7070.75,"['Jackson 5', 'Savage Spirits']",90,True,6400.0,0.9
98580597,Slave to Winning,7069.2,"['Crime Time', 'The Whimsical Afrasians', 'Golf Monday?', ""Brit I'm a Dog, Woof! Brrr"", 'Coked up (cute) Kobolds', 'Los Animales de Golf?', 'Waist of Time', 'Waist of Golf?', 'Daggers in my coco', 'Golf Tuesday?']",92,True,6300.0,0.92
24922145,phoenix,7068.5,"['GRIN Scythe', 'GRIN Prism']",60,True,7400.0,0.6
391340152,Time's,7067.1,['dXo-Rejects'],22,True,7300.0,0.22
7135504,Chubbs,7064.68,"['Dually Truck Hentai Warriors', 'GRIN Scythe', 'Dually Truck RoadRunners']",39,True,7500.0,0.39
145133281,Beejack Honeydew,7063.6,"['Eldrazi', 'Pot Of Greed']",29,True,7200.0,0.29
1197509660,JJnok,7055.22,"['Island in the Winter Sun', 'Conquerors of the Island in the Sun', 'Slugcats']",73,True,8000.0,0.73
204457212,DH. Jukester,7053.41,"['Golf Monday?', 'Coked up (cute) Kobolds', 'I am > I was', 'Nat 20', 'Bubble Team', 'Digital Habitat', '10toes', 'Jukes Angels']",73,True,7300.0,0.73
94560711,mr worldwide,7050.03,"['Coked up (cute) Kobolds', 'Jukes Angels', 'Digital Habitat']",45,True,7300.0,0.45
105289993,Pony,7049.83,"['Scion and the 4 plebs', 'Go play offlane']",37,True,6500.0,0.37
84473930,LFT Next AD2L Szn,7041.24,"['EnsÅ', 'Bubble Team', '2FrogsSoftware', 'Gucci Coffin', 'GRIN Rat Society', 'Slow Twitch Muscle Fibers', 'GRIN Fury']",83,True,7200.0,0.83
476135854,UnrulyBear,7040.93,"['good for ducks, good for me']",23,True,6500.0,0.23
161885622,cookies,7040.29,"[""'Nanner Grippers"", 'EnsÅ', 'Go play offlane', ""Daddy's ENGORGED Dictatorship"", 'Savage Spirits']",37,True,7200.0,0.37
66653545,frost,7038.41,"['PSGS', 'Bubble Team', 'Plinks of Golf?', 'Golf Thirstday?', 'Savage Spirits']",72,True,7200.0,0.72
100558341,âœªAlareiksâœª,7037.64,['sheeesh'],20,True,7200.0,0.2
366273792,SSC,7036.69,"['Gucci Coffin', 'PRESTIGE WORLDWIDE', ""Harambe's Homies""]",20,True,7100.0,0.2
174040866,Nigerian White,7026.59,['Zealous Gaming'],36,True,7300.0,0.36
168898151,Dragoness,7026.22,"['Dually Truck Hentai Warriors', 'Rats and Bunnies', 'mosin on valley']",32,True,7100.0,0.32
30373538,butthealth,7017.13,"['Dark Horse Storm', ""'Nanner Grippers"", 'Rats and Bunnies', 'Nameless', 'OTF', 'SMD9813', 'Waist of Golf?', ""Daddy's ENGORGED Dictatorship"", 'Savage Sabers', 'GRIN Smoke']",125,True,7600.0,1.0
114338342,cartographer,7015.99,"['Coked up (cute) Kobolds', 'Average Krill Eaters', 'Los Animales de Golf?', 'Does This Game have Fall Damage?', 'Digital Habitat', 'Team Krill Eater', 'Go play offlane', 'Calamity Crew']",96,True,7300.0,0.96
155097763,Tempeståµ,6993.79,['Calamity Crew'],47,True,8000.0,0.47
168164813,GeeR3,6993.49,"['Dually Truck Hentai Warriors', 'PSGS', 'Pot Of Greed']",51,True,7100.0,0.51
111901976,ReVamp,6983.99,"['Savage Saints', 'GRIN Prism', 'Pizzadog.JV', 'Dota Under the Influence', 'Dumpster Fire', 'Idiots', 'GRIN Scythe', 'Savage Spirits']",89,True,7100.0,0.89
1252599570,ClowD,6967.64,"['Simple Chemistry', 'Slow Twitch Muscle Fibers', '7dark Thirty', 'Rod of a Toast']",76,True,7200.0,0.76
6714821,IPwnedAIDS,6961.67,"['Dark Horse Storm', 'Rodents and Hares Pest Control', 'Rats and Bunnies', 'Simple Chemistry', '7dark Thirty', 'Slow Twitch Muscle Fibers', 'Dark Horse Vitality', 'Rod of a Toast', 'GRIN Smoke']",96,True,7100.0,0.96
51402834,AZ,6960.31,"['animal enclosure', 'Rats and Bunnies', ""Harambe's Homies"", 'PSGS', 'Gucci Coffin', '4 NOOBS 1 TROLLBUS', 'GRIN Scythe']",59,True,7300.0,0.59
206589061,Daddy Odin,6960.02,"['Savage Saints', 'Rats and Bunnies', 'Conquerors of the Island in the Sun', 'EnsÅ', 'Island in the Winter Sun', 'Baja Blasters', 'The Rejects', 'Calamity Crew']",89,True,7500.0,0.89
411352249,1 last time,6959.12,"['Coked up (cute) Kobolds', 'I am > I was', 'OTF', 'Team Krill Eater', '10toes', 'GRIN Scythe', 'Rod of a Toast']",66,True,7300.0,0.66
111757153,MyM.Slayer,6946.17,"['Simple Chemistry', 'Slow Twitch Muscle Fibers', '7dark Thirty', 'Rod of a Toast']",83,True,6500.0,0.83
93712692,twubz,6931.42,['Merrill Howard Kalin Fan Club'],39,True,7300.0,0.39
121010465,Forgotten,6927.52,"['Pot Of Greed', 'PSGS', 'Eldrazi', 'Savage Spirits']",60,False,6372.222222222223,0.6
160049388,lostperson,6924.57,"['Merrill Howard Kalin Fan Club', ""'Nanner Grippers"", 'Team Ligma']",39,True,7500.0,0.39
1013327441,GNX,6923.72,"['OTF', 'Team Samsara', 'Rod of a Toast', 'Team Ligma']",72,True,8000.0,0.72
104834975,malibu,6923.37,"['animal enclosure', 'Honey Beesports', 'Team Samsara', '2FrogsSoftware', 'GRIN Fury']",53,True,8000.0,0.53
483085285,Marine,6921.96,"['OTF', 'Team Ligma']",22,True,7300.0,0.22
114937676,(BP)Bluntman(Chronic),6896.47,"['OTF', 'Team Samsara']",28,True,7400.0,0.28
192372866,fortniteman,6884.49,"['Coked up (cute) Kobolds', ""'Nanner Grippers"", ""Daddy's ENGORGED Dictatorship"", 'Los Animales de Golf?']",82,True,6300.0,0.82
108978171,Manoy,6879.28,"['Rats and Bunnies', 'texts go green', 'Brain Damage', 'LF Danny Playoff Replacement', 'Pizzadog Academy', 'Team Ligma', ""Daddy's ENGORGED Dictatorship""]",57,True,7200.0,0.57
125205615,Animal I Have Become,6874.61,"['Dually Truck Hentai Warriors', 'Dually Truck Dumpster-Fire', 'GRIN Scythe', 'Dually Truck Diesel Drinkers']",47,True,7300.0,0.47
99678400,milkboxxy,6873.97,"['Bubble Team', 'Waist of Golf?', 'Jukes Angels', 'Plinks of Golf?', 'Golf Thirstday?']",80,True,7200.0,0.8
34929061,Sultan of Canada,6865.3,"['Golf Monday?', 'Rats and Bunnies', 'Dota Under the Influence', 'Yoinky Sploinky', ""Daddy's ENGORGED Dictatorship""]",49,True,7400.0,0.49
210590885,Princess,6863.85,['Calamity Crew'],27,True,7200.0,0.27
33454116,Younghoe Koo,6834.91,"['GRIN Scythe', 'GRIN Fury']",34,True,7200.0,0.34
130805445,wrennsday,6834.38,"['Golf Monday?', 'Comrades of Golf?', 'Golf Wrensday?', 'Waist of Golf?', '10toes']",62,True,6500.0,0.62
231548293,TINWCD,6820.66,['Jackson 5'],29,True,7200.0,0.29
44512675,Darthwalker,6818.49,['The Rejects'],23,True,6300.0,0.23
123988643,Merrill Howard Kalin,6804.0,['Merrill Howard Kalin Fan Club'],39,True,7100.0,0.39
38388112,panda,6798.56,"['SMD9813', 'sheeesh']",22,True,6500.0,0.22
98310287,Raddialin,6778.14,"['Dually Truck Hentai Warriors', 'dXo-Champion']",22,True,6700.0,0.22
132856298,Orion,6776.65,"['Average Krill Eaters', 'Remove Radiance From The Game', 'Rats and Bunnies', 'Team Krill Eater']",81,True,7100.0,0.81
112850732,Dr. cjj,6762.18,"['Calamity Crew', 'I am > I was', 'Nameless', 'Savage Spirits']",37,False,6372.222222222223,0.37
84159167,Asmoranomardicadaistinaculdacar,6740.86,"['Rodents and Hares Pest Control', ""'Nanner Grippers"", 'Rats and Bunnies', ""Blitz's Feet"", 'dXo-Rejects', 'Dark Horse Vitality', 'GRIN Scythe']",89,True,6100.0,0.89
159189875,Clarkles,6731.21,"['Average Krill Eaters', 'GRIN Rat Society', 'Team Krill Eater']",46,True,7200.0,0.46
133622220,RangerX01,6721.38,['Merrill Howard Kalin Fan Club'],41,True,6500.0,0.41
91425167,Ghost,6720.17,"['Plinks of Golf?', 'Grillin and Chillin']",20,False,6610.0,0.2
97740913,Shoon,6718.46,['Flex Offenders'],29,False,6283.333333333333,0.29
288775780,Akro,6712.95,['GRIN Fury'],64,True,7400.0,0.64
139716650,Thunder_MuFiN,6704.2,"['Baja Blasters', 'beignet boys', 'Grillin and Chillin']",25,True,6400.0,0.25
154235971,Cryptic Wisdom,6701.48,['DinoMight'],20,False,6337.5,0.2
341499796,CHEESE BREAD,6668.84,"['Veni Vidi Vici', 'Savage Sabers']",24,True,7200.0,0.24
19192564,Dr. Spike the Dota Dr.,6658.25,"['Honey Beesports', 'Pizzadog.JV', 'Nameless', 'Dumpster Fire', 'Idiots', 'SpookyScarySkeletons']",63,True,6500.0,0.63
95280674,chandler9,6655.26,['Merrill Howard Kalin Fan Club'],41,True,6100.0,0.41
181567803,JBay7,6641.73,"['Rats and Bunnies', 'Reverse Smurfs', 'j', 'e', 'Have Mercii Daddy', 'LF Danny Playoff Replacement', 'Teens Love Huge Clocks']",79,True,7200.0,0.79
164732436,MC_Flowerpot,6626.71,"['WAP', 'dXo-Warrior', '2FrogsSoftware']",30,True,7100.0,0.3
187012620,lowskill,6620.03,"[""Daddy's ENGORGED Dictatorship""]",62,True,6300.0,0.62
1074402995,pentjack,6604.42,['GRIN Scythe'],20,True,6200.0,0.2
122065622,GodamNî‚ƒ,6597.15,['SMD9813'],25,False,5914.285714285715,0.25
55797745,kerokerocola,6593.94,['Merrill Howard Kalin Fan Club'],41,False,5842.857142857143,0.41
82442234,Ponquist,6587.42,['GRIN Smoke'],21,True,7300.0,0.21
165148083,Talamh Soilleir,6582.28,"['Calamity Crew', ""Chicken Joe's Reincarnation Cult"", 'GRIN Scythe', 'GRIN Fury', 'Golf Thirstday?', 'Savage Spirits']",53,True,6400.0,0.53
137712704,gnatiaK,6555.33,"['Savage Saints', 'e', 'j', 'Brain Damage', 'Have Mercii Daddy', 'Calamity Crew', 'Teens Love Huge Clocks']",58,False,5865.0,0.58
12652012,Legend,6542.58,['GRIN Fury'],61,True,6400.0,0.61
97474983,bonkey,6542.54,"[""'Nanner Grippers"", ""Daddy's ENGORGED Dictatorship"", 'Savage Spirits']",27,True,6400.0,0.27
359449557,tannerb0y,6542.04,"['Island in the Sun', 'GRIN Fury', 'GRIN Prism', 'Radiance invoker']",52,True,6500.0,0.52
30320927,GrayBush,6541.53,"['PSGS', 'Nameless', 'Grillin and Chillin', '2FrogsSoftware', ""Daddy's ENGORGED Dictatorship"", 'Calamity Crew', 'GRIN Fury']",76,True,6200.0,0.76
121747768,LTNessnite,6538.74,"['Rodents and Hares Pest Control', ""'Nanner Grippers"", 'Rats and Bunnies', ""Blitz's Feet"", 'Waist of Golf?', ""Daddy's ENGORGED Dictatorship""]",104,True,7100.0,1.0
188361397,Winkx,6536.57,"['Honey Beesports', 'Slugpups', 'SlugWolves']",40,True,7300.0,0.4
889142087,â™«Harmonyâ™¬,6523.95,"['Discovery', 'Slugpups', 'Slugcats', 'Pizzadog.JV', 'T12186', 'Dumpster Fire', 'Idiots', ""Elsa's Boiz <3 <3 <3""]",31,True,7100.0,0.31
241250674,Berry,6510.84,['Dark Horse Storm'],47,True,6300.0,0.47
56605560,ShoeB,6507.54,"['Slow Twitch Muscle Fibers', 'Rats and Bunnies', '7dark Thirty', 'Rod of a Toast']",57,True,5700.0,0.57
79281442,Carddog,6501.9,['Rats and Bunnies'],35,True,6100.0,0.35
128681662,ThePurplePanzy,6496.06,"['Dark Horse Storm', 'Rodents and Hares Pest Control', ""'Nanner Grippers"", 'Rats and Bunnies', 'GRIN Fury']",78,True,5200.0,0.78
26410765,CheddarBear,6493.86,"['Rodents and Hares Pest Control', ""'Nanner Grippers"", 'dXo-Challenger', 'THE CROWNFALL FISHING CLUB', 'Dually Truck Hentai Warriors', 'dXo-Rejects', 'Calamity Crew']",57,True,6400.0,0.57
100059453,TheSuperbSimone,6493.8,"['Rats and Bunnies', 'Plinks of Golf?']",30,True,6300.0,0.3
422047340,be nice to me pls,6468.15,"['animal enclosure', 'The Bathtub Club', 'GRIN Rat Society', 'dXo-Warrior', 'Savage Spirits']",61,True,7100.0,0.61
33026006,Jmeli,6468.11,['sheeesh'],20,False,6133.333333333333,0.2
160481322,Sleepy,6464.65,['Dark Horse Storm'],26,True,7100.0,0.26
98063040,Blanket Man,6457.18,['Island in the Sun'],46,True,6500.0,0.46
65293806,perpetual novice â˜¼,6454.36,"[""Daddy's ENGORGED Dictatorship"", 'Rats and Bunnies']",65,True,5700.0,0.65
1209829962,Island,6452.05,"['Rodents and Hares Pest Control', 'GRIN Fury', 'PSGS']",77,True,5400.0,0.77
159597939,fred0123456789,6446.95,"['Blink Squad', 'PRESTIGE WORLDWIDE', 'Gucci Coffin', 'SMD9813', 'Radiance invoker', 'Team Ligma', 'SlugWolves', 'Savage Sabers']",61,True,6500.0,0.61
310860449,dyl,6430.11,"['Island in the Sun', ""'Nanner Grippers"", 'Team Ligma']",40,True,6200.0,0.4
53919186,Ashley Benson Enthusiast,6428.82,"['Dually Truck Hentai Warriors', 'Reverse Smurfs', 'Dually Truck Diesel Drinkers']",25,True,6400.0,0.25
94282956,Ru Elamo,6416.6,"['e', 'j', 'Teens Love Huge Clocks']",21,True,6200.0,0.21
875223076,PosiTr0n,6387.19,"['Island in the Sun', 'Savage Saints', 'Pizzadog.JV', 'dXo-Rejects', 'Dumpster Fire', 'Idiots']",68,True,5500.0,0.68
113734271,ClockWork,6385.53,"[""John Wick's Dog""]",20,True,6600.0,0.2
240291882,Mango,6358.93,"['Island in the Sun', 'Jackson 5']",49,True,6300.0,0.49
90934729,AzureSatan[TTV],6351.75,"['GRIN Rat Society', 'PSGS', 'GRIN Fury']",35,True,6400.0,0.35
50397057,USCreme,6329.41,"['texts go green', 'Reverse Smurfs', 'Nameless', 'Disciples of Synderen', 'Honey Beesports', 'j', 'Have Mercii Daddy', 'e', 'Brain Damage', 'LF Danny Playoff Replacement', 'Repulsive Gaming', 'GRIN Smoke']",92,True,6200.0,0.92
78715942,mrburrito,6312.14,"['Heroes of Golf?', ""'Nanner Grippers"", 'Golf Monday?', ""Daddy's ENGORGED Dictatorship"", 'Golf Thirstday?']",82,True,6300.0,0.82
39291953,å¤œç©ºä¸­æœ€äº®çš„æ˜Ÿ,6290.61,"['Wet Bread', 'ALL CAPS']",28,True,6600.0,0.28
65129655,Tinz,6284.81,"['Dark Horse Storm', 'Dark Horse Vitality']",70,True,6200.0,0.7
93027132,Sabo,6283.1,"['texts go green', 'e', 'j', 'Have Mercii Daddy', 'LF Danny Playoff Replacement']",25,True,6100.0,0.25
255985156,lykasumboooty,6252.33,"['Rodents and Hares Pest Control', 'Slugpups', 'dXo-Challenger', ""Blitz's Feet"", 'Nameless', 'THE CROWNFALL FISHING CLUB', '4 NOOBS 1 TROLLBUS']",78,True,6500.0,0.78
137474768,Nuwa,6249.05,['Nameless'],97,True,6200.0,0.97
221828374,Bluejay - By Saint Laurent,6231.1,"['j', 'Teens Love Huge Clocks', 'Blink Squad']",25,True,6100.0,0.25
100774125,Schmobama,6224.41,"['Wet Bread', 'ALL CAPS']",29,True,6400.0,0.29
1724857,"What's the Frequency, Kenny?",6223.64,"['SICKR', 'Dually Truck Dumpster-Fire', 'Dota Under the Influence']",43,False,6581.818181818182,0.43
102961378,The tism (Patient Zero),6209.0,"['Bubble Team', 'GRIN Rat Society', 'Big Farma', 'GRIN Smoke']",49,True,6700.0,0.49
425170118,GATA,6177.73,"['Pepecopters', 'Reverse Smurfs', 'Nameless', 'Dually Pubstars']",80,True,7300.0,0.8
83652676,Chadenator,6170.0,"['Nether Knights', 'Tactical Feeding', 'THE CROWNFALL FISHING CLUB']",58,True,7100.0,0.58
18036700,GodRamen,6170.0,"['Nether Knights', 'Tactical Feeding', 'THE CROWNFALL FISHING CLUB']",58,True,7100.0,0.58
285982374,Old Ramen,6139.0,['GRIN Smoke'],32,True,6400.0,0.32
123697236,SchmoobledeeBread,6132.54,"['Wet Bread', 'ALL CAPS']",31,True,6200.0,0.31
156119989,Nuudle,6132.24,"['Slugpups', 'Honey Beesports', 'Tactical Feeding', 'SlugWolves', 'Savage Sabers']",71,True,6500.0,0.71
81237688,Finesse,6130.75,"['Nameless', 'Pizzadog Academy']",97,True,5100.0,0.97
121009731,Wilsonsticks,6127.89,"['Jukes Angels', 'Jackson 5']",29,True,6200.0,0.29
111155842,Subtlety,6119.38,['Nameless'],39,True,6400.0,0.39
130486192,oblivionkc,6101.66,['Dark Horse Storm'],24,True,6200.0,0.24
102096496,Ratticus,6093.69,"['GRIN Rat Society', 'GRIN Smoke']",51,True,6100.0,0.51
181891656,Chunklin,6092.92,['Zealous Gaming'],36,True,5400.0,0.36
135668854,McGroovy,6091.81,"[""John Wick's Dog""]",20,True,6200.0,0.2
244325475,Born Again,6083.75,['Team Samsara'],34,True,6100.0,0.34
106493431,Fascist Clock,6083.03,['GRIN Rat Society'],28,True,6200.0,0.28
176371321,4GG,6077.86,['THE CROWNFALL FISHING CLUB'],23,True,6200.0,0.23
113726239,Pengin,6069.89,['Dark Horse Storm'],59,True,5400.0,0.59
355916388,Dizzle,6050.25,"['Dark Horse Storm', 'Dark Horse Vitality']",70,True,5300.0,0.7
420088832,RuskDaddy,6047.34,"['Slugcats', 'Disciples of Synderen']",53,True,6500.0,0.53
98246892,Shortbus Enjoyer,6033.38,['Crime Time'],24,True,6100.0,0.24
44662758,Paravane,6031.78,"['Slugpups', 'SlugWolves', 'Big Dingoz']",44,True,5400.0,0.44
252860757,HelloRobotics,6018.42,"['Golf Wrensday?', ""'Nanner Grippers"", ""Kitten's Kadets""]",37,True,6200.0,0.37
153998810,despair,6012.46,['SICKR'],21,True,6100.0,0.21
100063132,8======D~~~,5995.04,"['Dually Truck Dumpster-Fire', 'THE CROWNFALL FISHING CLUB']",29,True,6100.0,0.29
27255092,Dan Rather Did Nothing Wrong,5992.14,"['Hobbit Hole', 'Hat of Midas']",23,True,6100.0,0.23
322244012,JuanSolo,5991.49,['Savage Sabers'],42,True,6200.0,0.42
170032444,Ares â˜¯,5978.3,"['Nether Knights', 'Slugpups', 'Tactical Feeding']",34,True,6100.0,0.34
311811891,KL1,5976.09,"['Nether Knights', 'ALL CAPS', 'Savage Sabers']",51,True,6100.0,0.51
177522597,Dububear,5974.26,"['Apex Toe Hunters', 'Golf Wrensday?', 'Waist of Golf?', 'GRIN Scythe', ""Daddy's ENGORGED Dictatorship"", 'Golf Thirstday?']",74,True,5300.0,0.74
1023223200,Jenkins Enjoyer,5971.95,"['Slugcats', 'GRIN Scythe']",65,True,6200.0,0.65
156291461,2k,5955.55,['Big Dingoz'],68,True,6200.0,0.68
216779138,red40warrior,5954.22,"[""'Nanner Grippers"", 'Comrades of Golf?', 'Dually Truck Hentai Warriors', 'Golf Wrensday?', 'Golf Tuesday?', 'Golf Thirstday?']",74,True,5400.0,0.74
87446597,Shrewd-Cleric,5927.87,"['Slugpups', 'SlugWolves']",48,True,5400.0,0.48
89517926,IITS.èœé¸Ÿ,5923.34,"['Hobbit Hole', 'Island in the Sun', 'Slugpups', 'dXo-Challenger', 'Reverse Smurfs', 'Big Dingoz', 'GRIN Smoke']",84,True,6200.0,0.84
325279855,Chilling,5918.64,['Big Dingoz'],57,True,5300.0,0.57
119891038,dr.dr2492,5915.65,['SMD9813'],20,True,5400.0,0.2
193081678,é¾å ´æ‚Ÿé“,5915.35,"['Reverse Smurfs', 'Big Dingoz', 'Disciples of Synderen', 'Savage Sabers']",41,True,6300.0,0.41
36241893,Creme,5899.95,"['SICKR', 'Slugcats', 'Disciples of Synderen', 'GRIN Smoke', 'Pot of Vainglory']",66,True,5500.0,0.66
80382621,Voidhunter,5891.93,['Big Dingoz'],78,True,6100.0,0.78
341676433,roxyroro,5888.26,"['SICKR', 'Slugcats']",79,True,5300.0,0.79
196058997,Clippy,5871.47,"['Heroes of Golf?', 'Golf Tuesday?', ""Kitten's Kadets"", 'Golf Thirstday?', 'Batchesters of Golf?']",88,True,5500.0,0.88
85624378,Architeuthis,5852.6,"['dXo-Warrior', 'Disciples of Synderen']",66,True,6300.0,0.66
39176829,Finley,5836.96,"['Hat of Midas', 'Big Farma']",40,True,6100.0,0.4
99167531,Chimp,5819.23,['Island in the Sun'],30,True,5300.0,0.3
4861163,BillRot,5818.62,"['Tactical Feeding', 'Savage Sabers', 'repulsive Gaming']",34,True,6500.0,0.34
216591922,Clowner,5816.84,"['Derailed Gaming', 'Hat of Midas']",33,True,6300.0,0.33
158228136,idrinkyourmilkshake,5799.34,['Disciples of Synderen'],83,True,6400.0,0.83
115076298,Perch,5795.45,['Zealous Gaming'],36,True,5100.0,0.36
328597510,GAMbro,5787.82,"['Island in the Sun', 'Petting Zoo Daddies']",36,True,6200.0,0.36
123736773,Space Cowboy,5784.6,"['dXo-Challenger', 'SICKR', 'Force Squad', 'Big Dingoz', 'dXo-Warrior', 'GRIN Fury', 'Savage Sabers']",49,True,5500.0,0.49
105498326,AwRoosTeR,5776.82,"['Hat of Midas', 'Big Farma']",57,True,6100.0,0.57
178810571,Mangos,5776.7,['Crime Time'],24,True,5500.0,0.24
317818473,ddÄ±Êžs,5759.86,"['Island in the Sun', 'Repulsive Gaming', 'Savage Sabers', 'repulsive Gaming']",54,True,6200.0,0.54
112279430,Swag should be free,5751.83,['Mary Todd Lincoln: Forever Young'],43,True,5500.0,0.43
51594318,Lonely Warrior,5741.95,"['Island in the Sun', 'Slugpups', 'Nameless', '5 Guys 1 Cup', 'GRIN Scythe']",64,True,5500.0,0.64
320390511,ezu,5741.68,"['Golf Thirstday?', 'Apex Toe Hunters']",27,True,5400.0,0.27
316683987,Jester,5738.6,['Mary Todd Lincoln: Forever Young'],56,True,5400.0,0.56
67635241,tyler your dad is here,5737.33,['Mary Todd Lincoln: Forever Young'],41,True,5400.0,0.41
182913911,romance anime,5737.17,"['Honey Beesports', 'Slugpups']",22,True,5300.0,0.22
134218573,Ailerath,5726.46,['Mary Todd Lincoln: Forever Young'],56,True,5300.0,0.56
300529986,Pibbles,5716.45,"['Mary Todd Lincoln: Forever Young', 'Zealous Gaming']",34,True,5400.0,0.34
85773098,"WiseKiller, Evan",5704.41,"['Golf Tuesday?', 'Disciples of Synderen']",89,True,6100.0,0.89
7555413,Stanley,5694.27,"['Comrades of Golf?', ""Kitten's Kadets"", 'Golf Thirstday?', 'Batchesters of Golf?']",52,True,5200.0,0.52
19034185,Graphix,5681.64,['Savage Sabers'],90,True,5400.0,0.9
142608643,Road to Immortal,5656.04,"['Radiance invoker', 'Veni Vidi Vici', 'Savage Sabers']",51,True,6200.0,0.51
97282560,Apap$icle,5653.57,"['Repulsive Gaming', 'repulsive Gaming']",20,True,5500.0,0.2
233712598,Lucky Day,5648.46,"['Radiance invoker', 'GRIN Smoke']",57,True,5500.0,0.57
74576328,Megasheepz,5634.93,['Hat of Midas'],24,True,5500.0,0.24
158662336,Cloudz,5628.08,['Disciples of Synderen'],87,True,5300.0,0.87
1075173818,GraceJam,5623.28,"['Waist of Golf?', ""Kitten's Kadets"", 'Apex Toe Hunters']",24,True,5200.0,0.24
62174228,tinypuddles,5622.47,['Disciples of Synderen'],77,True,6100.0,0.77
3489311,ToAsT,5621.85,"['Nameless', 'GRIN Smoke']",31,True,5500.0,0.31
1049123820,JAB,5609.26,"['Repulsive Gaming', 'repulsive Gaming']",20,True,5400.0,0.2
225183330,pomato,5594.35,['Derailed Gaming'],53,True,6200.0,0.53
29449459,Prev0st,5582.27,"[""John Wick's Dog"", 'Big Farma']",21,True,5400.0,0.21
111441737,illusive,5552.56,"['Honey Beesports', 'Dually Truck Dumpster-Fire', 'Dually Truck Diesel Drinkers']",29,True,5400.0,0.29
36616658,TwoLostSouls,5550.24,"['Asphalt Annihilators', 'Dually Truck Dumpster-Fire', 'Ancient Assault Squad', 'Big Farma']",57,True,5300.0,0.57
373518571,nÃ¶,5514.36,"['Dually Truck Gas Gremlins', 'Savage Sabers']",65,True,5500.0,0.65
85398356,Lower your expectations,5510.56,"['Dark Horse Storm', 'Rodents and Hares Pest Control', 'Blink Squad', 'Asphalt Annihilators', 'Brain Damage']",75,True,6200.0,0.75
9108118,IharaSan,5510.4,"['Soulless', 'Radiance invoker', 'GRIN Smoke']",79,True,4700.0,0.79
879578908,Vitruvius,5509.62,"['Blink Squad', 'Slugcats', '5 Guys 1 Cup', 'Dually Truck Dumpster-Fire', 'Big Dingoz']",81,True,5100.0,0.81
279045332,AdmiraL Jiren,5509.56,['Derailed Gaming'],41,True,5400.0,0.41
112053075,Night,5499.67,['Salt the Earth'],20,False,5116.666666666667,0.2
58503272,Tyro,5478.27,"['LoveLess', 'Nameless']",30,True,5200.0,0.3
119163426,Havok,5476.08,['5 Guys 1 Cup'],35,True,5500.0,0.35
218092689,HamCity,5456.06,['GRIN Smoke'],22,True,5400.0,0.22
50842279,Flameice,5450.59,['Derailed Gaming'],53,True,5100.0,0.53
137879510,AchillesLast,5438.45,"['Dually Truck Chicken Cartel', 'Big Dingoz']",84,True,5100.0,0.84
100952127,Bug Collector,5433.33,['Big Farma'],23,True,5200.0,0.23
334256300,B-Town,5427.76,['Jackson 5'],21,True,5400.0,0.21
166531731,Kickass,5426.88,['Derailed Gaming'],20,True,5300.0,0.2
157758491,Crimson,5421.53,"['Hobbit Hole', 'Blink Squad', 'Dually Pubstars', 'Honey Beesports', 'Reverse Smurfs', 'Dually Truck Diesel Drinkers']",49,True,5300.0,0.49
199403025,rag3psych0,5421.11,"['Dually Truck Gas Gremlins', 'Savage Sabers']",65,True,5200.0,0.65
96398639,TrueLemon,5419.55,['Team Samsara'],24,False,5366.666666666667,0.24
96882695,Jacques De Gatineau,5412.55,"['GRIN Scythe', 'GRIN Smoke']",36,True,5100.0,0.36
38411013,Soseph Jalin,5411.65,"['Reverse Smurfs', 'Big Dingoz']",101,True,4300.0,1.0
101124726,stormBREAKER,5396.99,['Petting zoo retards'],27,True,5300.0,0.27
108376117,roian,5379.45,"['dXo-Warrior', 'Dually Truck Dumpster-Fire', 'The Bathtub Club']",67,True,5500.0,0.67
158481708,The Spanish Inquisition,5375.16,['5 Guys 1 Cup'],39,True,5200.0,0.39
45415451,Toms Bad at Games,5366.07,"['Petting Zoo Daddies', 'Petting zoo retards']",34,True,5500.0,0.34
75768687,ididid,5360.48,['Petting zoo retards'],46,True,6100.0,0.46
147665746,Sandman,5304.77,"['Pizzadog Academy', 'Slugpups', 'Disciples of Synderen']",50,True,6100.0,0.5
428830041,Leo Das,5277.12,['Derailed Gaming'],46,True,4700.0,0.46
190481735,â€ LuminousNiteâ€ ,5272.55,"['4 NOOBS 1 TROLLBUS', 'dXo-Challenger', ""Epstein's Islanders"", 'Team BSJ']",27,True,5500.0,0.27
59238764,Kinomoto Sakura,5271.47,['Mary Todd Lincoln: Forever Young'],56,True,4100.0,0.56
155648124,WackoSwami,5268.16,"['Pepecopters', 'Reverse Smurfs']",86,True,5100.0,0.86
1231013847,TigOlBittiez,5267.04,"['Pepecopters', 'Reverse Smurfs']",82,True,5300.0,0.82
50726859,Wills,5264.33,"['Hobbit Hole', 'Crime Time', 'Island in the Sun', 'Blink Squad', 'Reverse Smurfs', 'Nameless', 'Force Squad', 'The Bathtub Club', 'Dually Truck Chicken Cartel', 'Vitamin Beesports', 'Grin.Nova']",100,True,5200.0,1.0
1036468280,THE REAL IS BACK,5260.49,"['Honey Beesports', 'Pizzadog Academy']",39,True,5300.0,0.39
905744030,WackoDubbz,5247.74,"['Pepecopters', 'Reverse Smurfs']",82,True,5100.0,0.82
53574351,Rampage,5247.73,"['4 NOOBS 1 TROLLBUS', 'Reverse Smurfs']",27,True,5200.0,0.27
91757165,rZ | sidez,5236.0,['Petting zoo retards'],50,True,5600.0,0.5
127644401,rauke22,5207.96,"['Slugpups', 'Reverse Smurfs', 'Dually Truck Gas Gremlins', 'dXo-Explorer', 'GRIN Smoke']",58,True,4500.0,0.58
122972953,Qapla',5200.56,"['Reverse Smurfs', 'dXo-Explorer', 'GRIN Fury', 'GRIN Prism']",34,True,5300.0,0.34
59161836,shiv_cs,5197.76,"['Petting Zoo Daddies', 'Reverse Smurfs']",35,True,5500.0,0.35
379327513,Arc,5196.44,"['Hobbit Hole', 'Dually Truck Gas Gremlins']",21,True,5200.0,0.21
154141,Jdog,5174.08,"[""John Wick's Dog""]",20,False,4683.333333333333,0.2
332595109,Propaganda,5168.96,"['Hobbit Hole', 'Blink Squad', 'Soulless', 'Porpin My Crank ']",46,True,5300.0,0.46
366041972,Tim The Enchanter,5168.35,['Hobbit Hole'],41,True,5300.0,0.41
79199660,Red X,5165.88,"['Blink Squad', 'Dually Pubstars', 'Slugcats', 'Disciples of Synderen', 'Petting Zoo Daddies', 'Dually Truck Dumpster-Fire', 'Ancient Assault Squad', 'Vitamin Beesports']",87,True,4300.0,0.87
61789935,PzR | agpat07,5160.98,['Petting zoo retards'],50,True,5200.0,0.5
100675524,Nhaleet,5155.95,"['Asphalt Annihilators', 'Dually Truck Dumpster-Fire', 'Dually Pubstars']",38,True,5300.0,0.38
23321118,rZ | mercy,5150.26,['Petting Zoo Daddies'],22,True,5200.0,0.22
137374988,Huey Lewis,5123.83,['The Mittens'],79,True,5300.0,0.79
158285835,Gund@m,5123.12,['dXo-Explorer'],20,True,5200.0,0.2
64720983,SALT.DGr8Cornholio,5119.37,['The Mittens'],85,True,5200.0,0.85
360242856,Little Debbie Xmas Tree Cake,5111.01,"['Grin.Nova', 'Good Time Squad', 'Blink Squad', 'Disinformation Campaign']",82,True,5300.0,0.82
150430704,Mr. Fahrenheit,5108.32,['The Mittens'],92,True,5300.0,0.92
112562971,Ali Bot,5107.72,"['Dark Horse Storm', '4 NOOBS 1 TROLLBUS', 'Disinformation Campaign']",25,True,5300.0,0.25
191965090,WOOD SYRUP,5107.6,['GENSYS '],23,True,5500.0,0.23
79685811,WadeMasterGAME.TTV,5106.1,"['Force Squad', 'Dually Truck Chicken Cartel', 'Big Dingoz', 'Pizzadog Academy', 'GRIN Rat Society']",41,True,5200.0,0.41
80958592,purplemudkip,5101.54,"['Comrades of Golf?', 'Golf Tuesday Reborn?', 'Soulless']",45,True,5400.0,0.45
93447474,auryce,5100.46,['The Mittens'],92,True,5400.0,0.92
117246783,pac,5088.68,"['Dually Truck Gas Gremlins', 'Island in the Sun', 'The Mittens']",40,True,4400.0,0.4
145111599,Zyle,5084.13,"['Dark Horse Storm', 'dXo-Challenger', 'Disinformation Campaign', 'Reverse Smurfs', 'Dually Truck Dumpster-Fire', 'Dually Truck Chicken Cartel', 'GRIN Scythe']",69,True,5500.0,0.69
24341746,Twystedweb,5082.14,['The Mittens'],89,True,4300.0,0.89
247678407,KeyserSÃ¶ze,5081.67,"['Hobbit Hole', 'Grin.Nova']",100,True,6200.0,1.0
82445445,ChickenPollo,5075.7,"['Dually Truck Dumpster-Fire', 'Dually Truck Chicken Cartel', 'Dually Truck Diesel Drinkers']",57,True,5300.0,0.57
57632627,Slavic Donut,5073.55,"['Petting Zoo Daddies', 'Petting zoo retards']",49,True,5200.0,0.49
102744301,Kitten,5045.03,"['Golf Tuesday Reborn?', ""Kitten's Kadets"", 'Golf Tuesday?', 'Batchesters of Golf?']",55,True,4200.0,0.55
122734393,Dacite,5042.93,['The Three Meepo Problem'],29,True,5400.0,0.29
133367153,Beef Supreme,5041.0,['Hobbit Hole'],83,True,5400.0,0.83
36528956,JinxHUN,5006.31,['Disinformation Campaign'],30,True,5200.0,0.3
483597831,megamatt,5003.38,"['Hobbit Hole', 'Blink Squad']",85,True,4200.0,0.85
369122690,Sefat1307,5000.4,"[""John Wick's Dog""]",20,True,4500.0,0.2
64587052,The Red Seal,4995.96,"['Hobbit Hole', 'Blink Squad']",92,True,5300.0,0.92
100701606,4knee,4979.37,['5 Guys 1 Cup'],39,True,4400.0,0.39
133650057,the URBAN_Goose,4974.52,"['Golf Tuesday Reborn?', 'Golf Tuesday?', 'Batchesters of Golf?']",37,True,5100.0,0.37
50756763,Biggie,4971.29,"['LoveLess', 'The Bathtub Club', 'Quasar Dreams', 'Grin.Nova', 'Soulless', '4 NOOBS 1 TROLLBUS', 'GRIN Smoke']",83,True,5400.0,0.83
319359148,arc warden with boobs,4947.62,"['Asphalt Annihilators', 'Slugcats', 'The Mittens', 'Dually Pubstars']",47,True,5200.0,0.47
145773657,"Dr. Donkey Dick, DMD",4941.49,"['Petting Zoo Daddies', 'Petting zoo retards']",32,True,4700.0,0.32
158551390,.:;..luhhhhhiihhhhh,4940.66,"['Quasar Dreams', 'Grin.Nova']",65,True,5100.0,0.65
177483939,Tyrannosaurus.Hex,4925.2,"['Asphalt Annihilators', 'Dually Pubstars', 'Blink Squad', 'Killer Beesports']",66,True,5100.0,0.66
17653711,Jezzer,4915.09,"['Slugpups', 'Reverse Smurfs', 'Pizzadog Academy', 'Quasar Dreams', 'Grin.Nova']",78,True,4100.0,0.78
46711175,~SauceðŸ›³,4913.07,"['Quasar Dreams', 'Grin.Nova']",73,True,4200.0,0.73
102279457,Old Man,4903.77,"['Hobbit Hole', 'Dually Truck Chicken Cartel', 'Ancient Assault Squad', 'dXo-Explorer', '4 NOOBS 1 TROLLBUS', 'Prius PickUps', 'Soulless']",72,True,4600.0,0.72
262007292,âœªï¸Ž_DArK AcE â„¢,4901.79,"['Slugpups', 'The Mittens', 'LF Danny Playoff Replacement', 'Pizzadog Academy', 'Quasar Dreams', 'Grin.Nova', 'Soulless']",78,True,4300.0,0.78
44341549,Plibt,4876.15,"['Asphalt Annihilators', 'Dually Truck Diesel Drinkers', 'Dually Pubstars']",59,True,4500.0,0.59
321054213,G.U.N.D.A.M,4873.75,"['Slugpups', 'Dually Truck Chicken Cartel', 'dXo-Explorer', 'Prius PickUps', 'The Three Meepo Problem']",64,True,5100.0,0.64
229225743,GayedMaster,4848.79,"[""Epstein's Islanders"", 'Team BSJ', 'Disinformation Campaign']",40,True,5100.0,0.4
74244726,Syndicate,4847.46,['GENSYS '],38,True,5300.0,0.38
185162208,Rh1no,4840.43,['I am > I was'],22,False,4271.428571428572,0.22
122057125,[ORCA] Ceotexas,4765.35,['5 Guys 1 Cup'],28,True,4200.0,0.28
4655218,Dark,4740.8,"['Slugpups', 'Good Time Squad', 'Blink Squad']",69,True,4300.0,0.69
23516794,RedFaction,4726.44,['The Three Meepo Problem'],31,True,4300.0,0.31
115900582,CHEFRICK,4725.47,['5 Guys 1 Cup'],22,True,4200.0,0.22
83839131,Backyardsluts9,4718.95,"['Petting Zoo Daddies', 'Petting zoo retards']",49,True,4100.0,0.49
291266712,Hangende Harry,4710.25,['Hobbit Hole'],21,True,4300.0,0.21
92558937,Betabits,4703.64,"['Slugpups', 'dXo-Explorer', 'Pot of Vainglory']",42,True,4200.0,0.42
137716958,FarmAssist[Shadow_Merc],4699.5,['Jackson 5'],31,True,4300.0,0.31
95987005,Ziggy,4696.08,"['Lemon Snow Cones', 'The Mittens']",75,True,6100.0,0.75
80803505,aTruckgril Beverly âœ¿,4690.27,"['ALL CAPS', 'The Three Meepo Problem']",33,True,4300.0,0.33
103576440,normalin,4661.61,"['Prius PickUps', 'Slugpups', 'dXo-Challenger', 'Pot of Vainglory']",72,True,4500.0,0.72
12223644,Kulaid,4660.76,"['Hobbit Hole', 'Prius PickUps', 'Blink Squad']",68,True,4700.0,0.68
372949592,Rada,4655.18,"['Pizzadog Academy', 'Disinformation Campaign']",37,True,4600.0,0.37
844624056,Tavanushi,4646.78,"['Slugpups', 'Pizzadog Academy']",33,True,4200.0,0.33
15355321,rZ | oXy,4627.67,"['Petting Zoo Daddies', 'Petting zoo retards']",20,True,4400.0,0.2
33251436,Snapped,4619.77,['Lemon Snow Cones'],77,True,5000.0,0.77
62522021,Bad Das,4584.3,['Derailed Gaming'],28,True,4300.0,0.28
1126207904,VeX,4582.96,"['Teens Love Huge Clocks', 'Soulless', 'Brain Damage']",22,True,4100.0,0.22
120883524,Foxx,4577.54,"['LoveLess', 'Nether Knights', 'Pizzadog Academy', 'Quasar Dreams', 'Grin.Nova', 'Soulless']",36,True,4200.0,0.36
98883539,tar,4553.83,['Lemon Snow Cones'],79,True,5200.0,0.79
103185486,JanKed,4524.92,['Lemon Snow Cones'],77,True,4600.0,0.77
172522241,Noy,4522.36,['GENSYS '],38,True,4200.0,0.38
112276967,DistantEcho,4507.64,"['Lemon Snow Cones', 'The Mittens']",73,True,4500.0,0.73
62498451,Sailor Godzilla,4501.63,"['Slugpups', 'Asphalt Annihilators', 'Reverse Smurfs', 'Dually Truck Dumpster-Fire', 'Dually Truck Chicken Cartel', 'Ancient Assault Squad', 'Vitamin Beesports', 'Killer Beesports']",51,True,4300.0,0.51
181594602,Ro914,4493.77,"['Nether Knights', 'Tactical Feeding', 'LoveLess']",34,True,4100.0,0.34
95593501,LeBrao Zedong,4455.83,['Crime Time'],27,True,3600.0,0.27
109642349,é©¼é¹¿,4395.75,"['Prius PickUps', 'Vitamin Beesports']",34,True,4300.0,0.34
17024329,Who Got Smoke,4323.46,"['Quasar Dreams', 'Grin.Nova']",26,True,3500.0,0.26
204584150,Darkk,4289.94,"['Team Blunder', 'Dually Truck Dumpster-Fire', 'The Bathtub Club']",49,True,3600.0,0.49
120471866,Lams,4239.13,"['LoveLess', 'Good Time Squad', 'Blink Squad']",20,True,4200.0,0.2
34904462,t.tv/SlashBDS,4144.38,"['Asphalt Annihilators', 'Quasar Dreams']",32,True,3500.0,0.32
87053371,No_Hezi,4006.05,['GENSYS '],38,False,3377.777777777778,0.38
108522261,PhantomJellybean,3925.05,"['Golf Wrensday?', 'Golf Tuesday Reborn?', 'Golf Tuesday?']",39,True,3500.0,0.39
1223063095,TARS,3828.16,['Disciples of Synderen'],34,True,3300.0,0.34
47055867,jphuffman55,3827.69,['The Three Meepo Problem'],33,True,3100.0,0.33
140809604,ChngGaling!,3801.91,['GENSYS '],20,False,3377.777777777778,0.2
30662053,TwelveSeven,3784.54,"['Reverse Smurfs', 'Ancient Assault Squad', 'Blink Squad', 'Dually Pubstars']",46,True,3400.0,0.46
174426474,1335 6th Avenue NY,3710.69,['Pizzadog Academy'],26,True,3400.0,0.26
123941313,lost,3631.03,"['Good Time Squad', 'Blink Squad', 'Force Squad', 'Ancient Assault Squad', 'Vitamin Beesports']",25,True,3400.0,0.25
111720159,1k subhuman,3546.96,"['Good Time Squad', 'Blink Squad', 'Pizzadog.JV', 'Force Squad', 'The Bathtub Club', 'Vitamin Beesports']",55,True,3100.0,0.55
430468345,"Don't Bully me, I'll Cum",3211.0,"['LoveLess', 'Good Time Squad', 'Force Squad']",35,True,3100.0,0.35
